stops,seed,vehicles,default_seconds,default_cost,default_overload,search1_seconds,search1_cost,search1_overload,search3_seconds,search3_cost,search3_overload,search10_seconds,search10_cost,search10_overload
15,700,3,0.52,144.7261,0.0,1.01,144.7261,0.0,1.87,144.7261,0.0,5.57,144.7261,0.0
15,701,3,0.53,113.9301,0.0,1.01,101.9215,0.0,3.02,101.9215,0.0,4.84,101.9215,0.0
15,702,3,0.52,129.5097,0.0,1.0,120.8216,0.0,3.02,120.8216,0.0,4.45,120.8216,0.0
15,703,3,0.52,99.5205,0.0,1.01,99.5205,0.0,3.07,99.5205,0.0,6.21,99.5205,0.0
15,704,3,1.22,100.4086,0.0,1.02,100.4086,0.0,3.03,100.4086,0.0,7.14,100.4086,0.0
15,705,3,1.98,136.0631,0.0,1.02,123.811,0.0,3.01,123.811,0.0,8.7,123.811,0.0
15,706,3,2.09,113.7942,0.0,1.02,112.8689,0.0,3.05,112.8689,0.0,8.19,112.8689,0.0
15,707,4,2.0,125.2835,0.0,1.02,120.8667,0.0,3.02,120.8667,0.0,8.43,120.8667,0.0
15,708,3,2.08,114.9123,0.0,1.03,111.9292,0.0,3.02,111.9292,0.0,8.73,111.9292,0.0
15,709,3,2.12,82.2124,0.0,1.02,80.3952,0.0,3.05,80.3952,0.0,7.55,80.3952,0.0
15,710,3,2.11,110.36,0.0,1.02,110.36,0.0,3.02,110.36,0.0,5.97,110.36,0.0
15,711,3,2.02,92.5337,0.0,1.02,92.5337,0.0,3.02,92.5337,0.0,6.46,92.5337,0.0
15,712,3,2.04,101.3664,0.0,1.02,88.1094,0.0,3.06,88.1094,0.0,8.61,88.1094,0.0
15,713,3,2.04,99.0965,0.0,1.04,95.7275,0.0,3.02,95.7275,0.0,6.08,95.7275,0.0
15,714,3,2.0,141.8714,0.0,1.01,138.3697,0.0,3.01,138.3697,0.0,7.79,138.3697,0.0
15,715,3,1.89,119.4491,0.0,1.01,115.3367,0.0,3.02,115.3367,0.0,6.77,115.3367,0.0
15,716,3,2.06,120.7592,0.0,1.01,120.7592,0.0,3.02,120.7592,0.0,6.05,120.7592,0.0
15,717,4,1.95,138.1811,0.0,1.02,131.01,0.0,3.03,131.01,0.0,6.06,131.01,0.0
15,718,3,1.94,88.5086,0.0,1.02,88.5086,0.0,3.04,88.5086,0.0,5.76,88.5086,0.0
15,719,3,2.12,96.1199,0.0,1.03,90.5295,0.0,3.02,90.5295,0.0,4.98,90.5295,0.0
30,700,6,0.96,262.9573,0.0,1.01,241.4542,0.0,3.01,241.4542,0.0,8.18,241.4542,0.0
30,701,6,1.02,172.4401,0.0,1.02,157.3745,0.0,3.03,157.3745,0.0,7.92,157.3745,0.0
30,702,6,1.04,230.4098,0.0,1.01,223.7408,0.0,3.01,223.7408,0.0,7.18,223.7408,0.0
30,703,6,1.0,188.0822,0.0,1.02,176.794,0.0,3.02,176.794,0.0,9.26,176.794,0.0
30,704,6,1.04,178.8641,0.0,1.02,169.7173,0.0,3.01,169.7173,0.0,8.01,169.7173,0.0
30,705,6,1.0,196.4323,0.0,1.01,184.3268,0.0,3.03,184.3268,0.0,9.0,184.3268,0.0
30,706,6,1.08,228.7379,0.0,1.02,218.1679,0.0,3.02,217.9102,0.0,10.02,217.9102,0.0
30,707,6,1.12,189.3756,0.0,1.02,182.8315,0.0,3.01,182.8315,0.0,7.67,182.8315,0.0
30,708,5,1.1,167.1664,0.0,1.01,157.2202,0.0,3.01,157.2202,0.0,4.97,157.2202,0.0
30,709,5,0.97,167.2816,0.0,1.02,146.849,0.0,3.01,146.849,0.0,9.22,146.2035,0.0
30,710,6,0.96,200.5654,0.0,1.02,186.7859,0.0,3.01,186.7859,0.0,4.76,186.7859,0.0
30,711,6,0.92,141.8105,0.0,1.02,134.7938,0.0,3.02,134.7938,0.0,4.07,134.7938,0.0
30,712,6,1.02,154.5431,0.0,1.01,140.2909,0.0,3.02,140.2909,0.0,4.39,140.2909,0.0
30,713,6,0.91,161.6323,0.0,1.01,155.1678,0.0,3.01,155.1678,0.0,4.62,155.1678,0.0
30,714,5,0.95,251.5125,0.0,1.02,232.7061,0.0,3.01,232.7061,0.0,5.61,232.7061,0.0
30,715,6,0.85,185.5562,0.0,1.01,178.5099,0.0,3.01,178.5099,0.0,4.65,178.5099,0.0
30,716,6,0.8,211.2783,0.0,1.01,183.0428,0.0,3.01,183.0428,0.0,10.02,183.0428,0.0
30,717,6,0.82,165.2534,0.0,1.01,159.331,0.0,3.01,159.331,0.0,10.04,159.331,0.0
30,718,6,0.78,179.5125,0.0,1.01,169.8823,0.0,3.04,169.8823,0.0,10.07,169.8823,0.0
30,719,6,0.82,177.2174,0.0,1.02,166.584,0.0,3.02,166.584,0.0,10.07,166.584,0.0
60,700,12,4.08,357.6535,0.0,1.05,314.1727,0.0,3.04,306.0753,0.0,10.04,306.0753,0.0
60,701,10,3.76,329.1625,0.0,1.05,299.7291,0.0,3.05,299.7291,0.0,10.04,297.5012,0.0
60,702,11,3.68,449.2047,0.0,1.04,369.1326,0.0,3.05,369.1326,0.0,10.05,367.1399,0.0
60,703,12,3.7,387.1712,0.0,1.05,347.4751,0.0,3.04,344.3197,0.0,10.04,343.2453,0.0
60,704,10,1.82,393.7498,0.0,1.07,330.5783,0.0,3.03,330.5783,0.0,10.04,330.5783,0.0
60,705,11,1.75,354.2073,0.0,1.03,325.9702,0.0,3.03,318.9434,0.0,10.03,318.9434,0.0
60,706,11,1.69,325.2841,0.0,1.02,288.9636,0.0,3.04,288.4969,0.0,10.03,288.4969,0.0
60,707,11,1.65,316.9779,0.0,1.04,316.2567,0.0,3.03,316.2397,0.0,10.03,316.2397,0.0
60,708,12,1.77,396.3736,0.0,1.04,339.0206,0.0,3.04,339.0206,0.0,10.04,339.0206,0.0
60,709,11,1.75,276.4165,0.0,1.03,250.2105,0.0,3.04,250.2105,0.0,10.04,249.4456,0.0
60,710,11,1.7,321.4172,0.0,1.04,297.4983,0.0,3.04,297.101,0.0,10.04,297.0734,0.0
60,711,11,1.83,289.3542,0.0,1.04,272.7934,0.0,3.04,271.3311,0.0,10.04,271.3311,0.0
60,712,11,1.85,255.4663,0.0,1.03,246.0379,0.0,3.05,238.7928,0.0,10.03,233.2045,0.0
60,713,11,1.83,316.583,0.0,1.03,288.2756,0.0,3.04,287.574,0.0,10.03,287.574,0.0
60,714,11,1.77,362.7776,0.0,1.04,328.0304,0.0,3.03,324.0935,0.0,10.03,324.0059,0.0
60,715,12,1.8,303.0907,0.0,1.03,287.1837,0.0,3.04,285.6804,0.0,10.04,285.6804,0.0
60,716,10,1.76,300.3764,0.0,1.04,279.9079,0.0,3.03,279.9079,0.0,10.04,279.9079,0.0
60,717,11,1.8,323.8937,0.0,1.03,300.3481,0.0,3.03,300.1904,0.0,10.04,300.1904,0.0
60,718,11,1.74,309.9584,0.0,1.03,250.1045,0.0,3.04,246.0899,0.0,10.04,246.016,0.0
60,719,10,1.7,331.3127,0.0,1.03,296.3493,0.0,3.04,293.9609,0.0,10.04,293.3193,0.0
100,700,18,4.63,659.2733,0.0,1.37,615.8806,0.0,3.29,605.0287,0.0,10.27,603.2212,0.0
100,701,18,4.07,494.7232,0.0,1.52,451.5917,0.0,3.44,444.0929,0.0,10.26,441.8391,0.0
100,702,17,4.16,616.5184,0.0,1.61,551.5308,0.0,3.35,543.2857,0.0,10.25,532.7108,0.0
100,703,18,4.28,626.7066,0.0,1.38,552.6385,0.0,3.39,542.5382,0.0,10.26,538.6284,0.0
100,704,18,3.96,717.2782,0.0,1.47,707.9874,0.0,3.47,703.2778,0.0,10.29,695.7679,0.0
100,705,19,3.79,559.812,0.0,1.26,528.2009,0.0,3.3,525.1503,0.0,10.42,524.136,0.0
100,706,19,3.93,543.2766,0.0,1.45,525.2625,0.0,3.46,514.6348,0.0,10.29,513.4987,0.0
100,707,17,4.17,609.8321,0.0,1.46,590.5471,0.0,3.51,579.5097,0.0,10.25,574.4733,0.0
100,708,18,3.97,577.3336,0.0,1.32,517.6375,0.0,3.34,513.3148,0.0,10.49,507.2931,0.0
100,709,18,4.13,457.0747,0.0,1.47,431.413,0.0,3.49,431.1851,0.0,10.31,420.6888,0.0
100,710,18,4.48,429.6978,0.0,1.29,396.8489,0.0,3.4,371.6927,0.0,10.34,368.7773,0.0
100,711,18,4.91,429.5721,0.0,1.35,399.0559,0.0,3.35,394.7798,0.0,10.53,393.8821,0.0
100,712,19,4.15,395.3188,0.0,1.63,386.2907,0.0,3.34,378.9388,0.0,10.32,370.0647,0.0
100,713,18,4.48,467.7983,0.0,1.3,429.4404,0.0,3.36,408.6963,0.0,10.36,403.7324,0.0
100,714,19,4.77,620.806,0.0,1.37,593.1779,0.0,3.29,573.509,0.0,10.45,558.9084,0.0
100,715,18,4.87,487.409,0.0,1.38,460.8031,0.0,3.37,444.4507,0.0,10.41,439.6138,0.0
100,716,17,6.07,499.3544,0.0,1.13,449.0788,0.0,3.09,440.8391,0.0,10.12,440.4333,0.0
100,717,19,5.84,475.7775,0.0,1.11,441.2586,0.0,3.09,432.6704,0.0,10.09,428.3147,0.0
100,718,17,5.63,459.4457,0.0,1.11,411.7483,0.0,3.1,406.6356,0.0,10.1,404.5793,0.0
100,719,18,5.35,502.6082,0.0,1.13,434.8899,0.0,3.11,422.7309,0.0,10.09,422.7309,0.0
