experiment,stops,seed,vehicles,method,stage,cost,optimum,gap_pct,seconds
A,10,1200,2,qpso,raw,83.0025,83.0025,0.0,0.29
A,10,1200,2,qpso,finished,83.0025,83.0025,0.0,0.29
A,10,1200,2,pso,raw,83.0025,83.0025,0.0,0.26
A,10,1200,2,pso,finished,83.0025,83.0025,0.0,0.26
A,10,1200,2,ga,raw,83.0025,83.0025,0.0,1.47
A,10,1200,2,ga,finished,83.0025,83.0025,0.0,1.47
A,10,1200,2,qpso cold,raw,83.0025,83.0025,0.0,0.3
A,10,1200,2,qpso cold,finished,83.0025,83.0025,0.0,0.3
A,10,1200,2,nearest neighbour,raw,119.9617,83.0025,44.5279,0.0
A,10,1200,2,nearest neighbour,finished,83.0025,83.0025,0.0,0.0
A,10,1200,2,route search 3 s,finished,83.0025,83.0025,0.0,0.82
A,10,1201,2,qpso,raw,76.8685,74.9827,2.515,0.28
A,10,1201,2,qpso,finished,74.9827,74.9827,0.0,0.28
A,10,1201,2,pso,raw,77.8275,74.9827,3.794,0.24
A,10,1201,2,pso,finished,77.8275,74.9827,3.794,0.24
A,10,1201,2,ga,raw,82.918,74.9827,10.5829,1.47
A,10,1201,2,ga,finished,74.9827,74.9827,0.0,1.47
A,10,1201,2,qpso cold,raw,77.8275,74.9827,3.794,0.33
A,10,1201,2,qpso cold,finished,77.8275,74.9827,3.794,0.33
A,10,1201,2,nearest neighbour,raw,100.6626,74.9827,34.2477,0.01
A,10,1201,2,nearest neighbour,finished,74.9827,74.9827,0.0,0.01
A,10,1201,2,route search 3 s,finished,74.9827,74.9827,0.0,0.78
A,10,1202,2,qpso,raw,83.2865,77.7097,7.1764,0.31
A,10,1202,2,qpso,finished,77.7097,77.7097,0.0,0.31
A,10,1202,2,pso,raw,83.7981,77.7097,7.8347,0.24
A,10,1202,2,pso,finished,77.7097,77.7097,0.0,0.24
A,10,1202,2,ga,raw,78.5627,77.7097,1.0976,1.49
A,10,1202,2,ga,finished,77.7993,77.7097,0.1153,1.49
A,10,1202,2,qpso cold,raw,78.4731,77.7097,0.9823,0.34
A,10,1202,2,qpso cold,finished,77.7097,77.7097,0.0,0.34
A,10,1202,2,nearest neighbour,raw,104.0652,77.7097,33.9152,0.01
A,10,1202,2,nearest neighbour,finished,77.7097,77.7097,0.0,0.01
A,10,1202,2,route search 3 s,finished,77.7097,77.7097,0.0,0.83
A,10,1203,2,qpso,raw,71.4429,62.9582,13.4767,0.32
A,10,1203,2,qpso,finished,71.4429,62.9582,13.4767,0.32
A,10,1203,2,pso,raw,73.8826,62.9582,17.3518,0.25
A,10,1203,2,pso,finished,64.2494,62.9582,2.051,0.25
A,10,1203,2,ga,raw,62.9582,62.9582,-0.0,1.56
A,10,1203,2,ga,finished,62.9582,62.9582,-0.0,1.56
A,10,1203,2,qpso cold,raw,71.167,62.9582,13.0385,0.31
A,10,1203,2,qpso cold,finished,71.167,62.9582,13.0385,0.31
A,10,1203,2,nearest neighbour,raw,91.1841,62.9582,44.8327,0.0
A,10,1203,2,nearest neighbour,finished,71.4429,62.9582,13.4767,0.0
A,10,1203,2,route search 3 s,finished,62.9582,62.9582,0.0,0.88
A,10,1204,2,qpso,raw,73.8634,73.8634,0.0,0.28
A,10,1204,2,qpso,finished,73.8634,73.8634,0.0,0.28
A,10,1204,2,pso,raw,74.335,73.8634,0.6384,0.24
A,10,1204,2,pso,finished,73.8634,73.8634,0.0,0.24
A,10,1204,2,ga,raw,74.335,73.8634,0.6384,1.62
A,10,1204,2,ga,finished,73.8634,73.8634,0.0,1.62
A,10,1204,2,qpso cold,raw,74.335,73.8634,0.6384,0.34
A,10,1204,2,qpso cold,finished,73.8634,73.8634,0.0,0.34
A,10,1204,2,nearest neighbour,raw,74.335,73.8634,0.6384,0.0
A,10,1204,2,nearest neighbour,finished,73.8634,73.8634,0.0,0.0
A,10,1204,2,route search 3 s,finished,73.8634,73.8634,0.0,0.89
A,10,1205,2,qpso,raw,61.6519,61.6519,0.0,0.28
A,10,1205,2,qpso,finished,61.6519,61.6519,0.0,0.28
A,10,1205,2,pso,raw,83.0193,61.6519,34.6581,0.24
A,10,1205,2,pso,finished,61.6519,61.6519,0.0,0.24
A,10,1205,2,ga,raw,64.3475,61.6519,4.3721,1.7
A,10,1205,2,ga,finished,61.6519,61.6519,0.0,1.7
A,10,1205,2,qpso cold,raw,71.5688,61.6519,16.0851,0.33
A,10,1205,2,qpso cold,finished,64.2157,61.6519,4.1584,0.33
A,10,1205,2,nearest neighbour,raw,92.9507,61.6519,50.7669,0.0
A,10,1205,2,nearest neighbour,finished,61.6519,61.6519,0.0,0.0
A,10,1205,2,route search 3 s,finished,61.6519,61.6519,0.0,0.85
A,10,1206,2,qpso,raw,79.5191,70.0101,13.5822,0.26
A,10,1206,2,qpso,finished,70.0101,70.0101,0.0,0.26
A,10,1206,2,pso,raw,71.9557,70.0101,2.7789,0.26
A,10,1206,2,pso,finished,70.0101,70.0101,0.0,0.26
A,10,1206,2,ga,raw,79.5191,70.0101,13.5822,1.56
A,10,1206,2,ga,finished,70.0101,70.0101,0.0,1.56
A,10,1206,2,qpso cold,raw,71.9557,70.0101,2.7789,0.28
A,10,1206,2,qpso cold,finished,70.0101,70.0101,0.0,0.28
A,10,1206,2,nearest neighbour,raw,86.8193,70.0101,24.0096,0.01
A,10,1206,2,nearest neighbour,finished,73.8782,70.0101,5.525,0.01
A,10,1206,2,route search 3 s,finished,70.0101,70.0101,0.0,0.76
A,10,1207,2,qpso,raw,93.3982,93.3982,0.0,0.28
A,10,1207,2,qpso,finished,93.3982,93.3982,0.0,0.28
A,10,1207,2,pso,raw,109.3697,93.3982,17.1004,0.33
A,10,1207,2,pso,finished,93.3982,93.3982,0.0,0.33
A,10,1207,2,ga,raw,108.522,93.3982,16.1927,1.5
A,10,1207,2,ga,finished,93.3982,93.3982,0.0,1.5
A,10,1207,2,qpso cold,raw,107.3353,93.3982,14.9221,0.28
A,10,1207,2,qpso cold,finished,107.3353,93.3982,14.9221,0.28
A,10,1207,2,nearest neighbour,raw,120.1716,93.3982,28.6658,0.0
A,10,1207,2,nearest neighbour,finished,93.5673,93.3982,0.181,0.0
A,10,1207,2,route search 3 s,finished,93.3982,93.3982,-0.0,0.91
A,10,1208,2,qpso,raw,87.2287,87.2287,0.0,0.31
A,10,1208,2,qpso,finished,87.2287,87.2287,0.0,0.31
A,10,1208,2,pso,raw,87.2287,87.2287,0.0,0.27
A,10,1208,2,pso,finished,87.2287,87.2287,0.0,0.27
A,10,1208,2,ga,raw,92.0682,87.2287,5.5481,1.56
A,10,1208,2,ga,finished,92.0682,87.2287,5.5481,1.56
A,10,1208,2,qpso cold,raw,101.414,87.2287,16.2622,0.27
A,10,1208,2,qpso cold,finished,101.414,87.2287,16.2622,0.27
A,10,1208,2,nearest neighbour,raw,118.3058,87.2287,35.6271,0.0
A,10,1208,2,nearest neighbour,finished,101.414,87.2287,16.2622,0.0
A,10,1208,2,route search 3 s,finished,87.2287,87.2287,0.0,0.84
A,10,1209,2,qpso,raw,98.7054,67.2903,46.6859,0.28
A,10,1209,2,qpso,finished,67.2903,67.2903,0.0,0.28
A,10,1209,2,pso,raw,99.0645,67.2903,47.2195,0.23
A,10,1209,2,pso,finished,96.5386,67.2903,43.4658,0.23
A,10,1209,2,ga,raw,73.0773,67.2903,8.6,1.55
A,10,1209,2,ga,finished,67.6659,67.2903,0.5581,1.55
A,10,1209,2,qpso cold,raw,72.9617,67.2903,8.4283,0.31
A,10,1209,2,qpso cold,finished,67.6659,67.2903,0.5581,0.31
A,10,1209,2,nearest neighbour,raw,112.596,67.2903,67.3287,0.0
A,10,1209,2,nearest neighbour,finished,67.2903,67.2903,0.0,0.0
A,10,1209,2,route search 3 s,finished,67.2903,67.2903,0.0,0.92
A,10,1210,2,qpso,raw,86.2268,84.231,2.3694,0.28
A,10,1210,2,qpso,finished,84.231,84.231,0.0,0.28
A,10,1210,2,pso,raw,89.5045,84.231,6.2608,0.23
A,10,1210,2,pso,finished,86.003,84.231,2.1038,0.23
A,10,1210,2,ga,raw,88.5225,84.231,5.0949,1.57
A,10,1210,2,ga,finished,86.003,84.231,2.1038,1.57
A,10,1210,2,qpso cold,raw,84.231,84.231,0.0,0.3
A,10,1210,2,qpso cold,finished,84.231,84.231,0.0,0.3
A,10,1210,2,nearest neighbour,raw,97.0773,84.231,15.2513,0.0
A,10,1210,2,nearest neighbour,finished,88.8981,84.231,5.5408,0.0
A,10,1210,2,route search 3 s,finished,84.231,84.231,0.0,0.75
A,10,1211,2,qpso,raw,57.8754,57.8754,0.0,0.28
A,10,1211,2,qpso,finished,57.8754,57.8754,0.0,0.28
A,10,1211,2,pso,raw,57.8754,57.8754,0.0,0.26
A,10,1211,2,pso,finished,57.8754,57.8754,0.0,0.26
A,10,1211,2,ga,raw,57.8754,57.8754,0.0,1.6
A,10,1211,2,ga,finished,57.8754,57.8754,0.0,1.6
A,10,1211,2,qpso cold,raw,65.7529,57.8754,13.611,0.32
A,10,1211,2,qpso cold,finished,65.7529,57.8754,13.611,0.32
A,10,1211,2,nearest neighbour,raw,59.9228,57.8754,3.5374,0.0
A,10,1211,2,nearest neighbour,finished,57.8754,57.8754,0.0,0.0
A,10,1211,2,route search 3 s,finished,57.8754,57.8754,0.0,0.94
A,10,1212,2,qpso,raw,139.2983,118.9326,17.1237,0.3
A,10,1212,2,qpso,finished,118.9326,118.9326,0.0,0.3
A,10,1212,2,pso,raw,139.2983,118.9326,17.1237,0.25
A,10,1212,2,pso,finished,118.9326,118.9326,0.0,0.25
A,10,1212,2,ga,raw,139.2983,118.9326,17.1237,1.51
A,10,1212,2,ga,finished,118.9326,118.9326,0.0,1.51
A,10,1212,2,qpso cold,raw,119.0702,118.9326,0.1157,0.31
A,10,1212,2,qpso cold,finished,118.9326,118.9326,0.0,0.31
A,10,1212,2,nearest neighbour,raw,150.9921,118.9326,26.9561,0.0
A,10,1212,2,nearest neighbour,finished,118.9326,118.9326,0.0,0.0
A,10,1212,2,route search 3 s,finished,118.9326,118.9326,0.0,0.82
A,10,1213,2,qpso,raw,85.1997,72.6335,17.3008,0.3
A,10,1213,2,qpso,finished,78.3292,72.6335,7.8418,0.3
A,10,1213,2,pso,raw,80.8194,72.6335,11.2702,0.25
A,10,1213,2,pso,finished,72.6335,72.6335,-0.0,0.25
A,10,1213,2,ga,raw,76.685,72.6335,5.578,1.52
A,10,1213,2,ga,finished,72.6335,72.6335,0.0,1.52
A,10,1213,2,qpso cold,raw,72.6335,72.6335,-0.0,0.33
A,10,1213,2,qpso cold,finished,72.6335,72.6335,-0.0,0.33
A,10,1213,2,nearest neighbour,raw,102.3786,72.6335,40.9524,0.01
A,10,1213,2,nearest neighbour,finished,79.5767,72.6335,9.5593,0.01
A,10,1213,2,route search 3 s,finished,72.6335,72.6335,0.0,0.7
A,10,1214,2,qpso,raw,70.3446,66.5801,5.654,0.28
A,10,1214,2,qpso,finished,66.7381,66.5801,0.2373,0.28
A,10,1214,2,pso,raw,71.6423,66.5801,7.6031,0.26
A,10,1214,2,pso,finished,66.7381,66.5801,0.2373,0.26
A,10,1214,2,ga,raw,69.5047,66.5801,4.3926,1.54
A,10,1214,2,ga,finished,66.7381,66.5801,0.2373,1.54
A,10,1214,2,qpso cold,raw,66.5801,66.5801,0.0,0.33
A,10,1214,2,qpso cold,finished,66.5801,66.5801,0.0,0.33
A,10,1214,2,nearest neighbour,raw,105.6731,66.5801,58.7157,0.0
A,10,1214,2,nearest neighbour,finished,66.5801,66.5801,0.0,0.0
A,10,1214,2,route search 3 s,finished,66.5801,66.5801,0.0,0.78
A,10,1215,2,qpso,raw,73.9344,73.9344,0.0,0.29
A,10,1215,2,qpso,finished,73.9344,73.9344,0.0,0.29
A,10,1215,2,pso,raw,73.9646,73.9344,0.0408,0.25
A,10,1215,2,pso,finished,73.9344,73.9344,0.0,0.25
A,10,1215,2,ga,raw,80.4382,73.9344,8.7966,1.5
A,10,1215,2,ga,finished,73.9344,73.9344,0.0,1.5
A,10,1215,2,qpso cold,raw,73.9646,73.9344,0.0408,0.28
A,10,1215,2,qpso cold,finished,73.9344,73.9344,0.0,0.28
A,10,1215,2,nearest neighbour,raw,105.6082,73.9344,42.8403,0.0
A,10,1215,2,nearest neighbour,finished,73.9344,73.9344,-0.0,0.0
A,10,1215,2,route search 3 s,finished,73.9344,73.9344,-0.0,0.72
A,10,1216,3,qpso,raw,98.1738,98.1738,0.0,0.28
A,10,1216,3,qpso,finished,98.1738,98.1738,0.0,0.28
A,10,1216,3,pso,raw,98.9731,98.1738,0.8142,0.23
A,10,1216,3,pso,finished,98.9731,98.1738,0.8142,0.23
A,10,1216,3,ga,raw,98.1738,98.1738,0.0,1.5
A,10,1216,3,ga,finished,98.1738,98.1738,0.0,1.5
A,10,1216,3,qpso cold,raw,98.1738,98.1738,0.0,0.36
A,10,1216,3,qpso cold,finished,98.1738,98.1738,0.0,0.36
A,10,1216,3,nearest neighbour,raw,105.5311,98.1738,7.4941,0.0
A,10,1216,3,nearest neighbour,finished,98.1738,98.1738,0.0,0.0
A,10,1216,3,route search 3 s,finished,98.1738,98.1738,0.0,1.01
A,10,1217,2,qpso,raw,86.854,73.8787,17.5629,0.3
A,10,1217,2,qpso,finished,86.854,73.8787,17.5629,0.3
A,10,1217,2,pso,raw,86.854,73.8787,17.5629,0.22
A,10,1217,2,pso,finished,86.854,73.8787,17.5629,0.22
A,10,1217,2,ga,raw,86.854,73.8787,17.5629,1.6
A,10,1217,2,ga,finished,86.854,73.8787,17.5629,1.6
A,10,1217,2,qpso cold,raw,73.8787,73.8787,0.0,0.38
A,10,1217,2,qpso cold,finished,73.8787,73.8787,0.0,0.38
A,10,1217,2,nearest neighbour,raw,102.4186,73.8787,38.6307,0.01
A,10,1217,2,nearest neighbour,finished,86.854,73.8787,17.5629,0.01
A,10,1217,2,route search 3 s,finished,73.8787,73.8787,0.0,0.81
A,10,1218,2,qpso,raw,91.8389,91.8389,0.0,0.26
A,10,1218,2,qpso,finished,91.8389,91.8389,0.0,0.26
A,10,1218,2,pso,raw,92.1623,91.8389,0.3522,0.22
A,10,1218,2,pso,finished,91.8389,91.8389,0.0,0.22
A,10,1218,2,ga,raw,91.8389,91.8389,0.0,1.54
A,10,1218,2,ga,finished,91.8389,91.8389,0.0,1.54
A,10,1218,2,qpso cold,raw,91.8389,91.8389,0.0,0.38
A,10,1218,2,qpso cold,finished,91.8389,91.8389,0.0,0.38
A,10,1218,2,nearest neighbour,raw,126.1992,91.8389,37.4137,0.01
A,10,1218,2,nearest neighbour,finished,96.7313,91.8389,5.3272,0.01
A,10,1218,2,route search 3 s,finished,91.8389,91.8389,0.0,0.91
A,10,1219,2,qpso,raw,68.6827,65.6838,4.5657,0.26
A,10,1219,2,qpso,finished,65.6838,65.6838,0.0,0.26
A,10,1219,2,pso,raw,68.6827,65.6838,4.5657,0.23
A,10,1219,2,pso,finished,65.6838,65.6838,0.0,0.23
A,10,1219,2,ga,raw,70.7268,65.6838,7.6777,1.68
A,10,1219,2,ga,finished,65.6838,65.6838,0.0,1.68
A,10,1219,2,qpso cold,raw,68.6827,65.6838,4.5657,0.4
A,10,1219,2,qpso cold,finished,65.6838,65.6838,0.0,0.4
A,10,1219,2,nearest neighbour,raw,71.013,65.6838,8.1135,0.0
A,10,1219,2,nearest neighbour,finished,68.6999,65.6838,4.5918,0.0
A,10,1219,2,route search 3 s,finished,65.6838,65.6838,0.0,1.08
A,10,1220,3,qpso,raw,70.7541,70.3247,0.6105,0.3
A,10,1220,3,qpso,finished,70.7541,70.3247,0.6105,0.3
A,10,1220,3,pso,raw,70.7541,70.3247,0.6105,0.3
A,10,1220,3,pso,finished,70.7541,70.3247,0.6105,0.3
A,10,1220,3,ga,raw,71.4297,70.3247,1.5712,1.52
A,10,1220,3,ga,finished,71.4297,70.3247,1.5712,1.52
A,10,1220,3,qpso cold,raw,71.5075,70.3247,1.6818,0.33
A,10,1220,3,qpso cold,finished,70.3247,70.3247,0.0,0.33
A,10,1220,3,nearest neighbour,raw,79.035,70.3247,12.3858,0.0
A,10,1220,3,nearest neighbour,finished,71.4297,70.3247,1.5712,0.0
A,10,1220,3,route search 3 s,finished,70.3247,70.3247,0.0,0.87
A,10,1221,3,qpso,raw,87.6717,85.7188,2.2782,0.29
A,10,1221,3,qpso,finished,85.7188,85.7188,0.0,0.29
A,10,1221,3,pso,raw,91.3881,85.7188,6.6138,0.3
A,10,1221,3,pso,finished,85.7188,85.7188,0.0,0.3
A,10,1221,3,ga,raw,85.7188,85.7188,0.0,1.62
A,10,1221,3,ga,finished,85.7188,85.7188,0.0,1.62
A,10,1221,3,qpso cold,raw,85.7188,85.7188,0.0,0.31
A,10,1221,3,qpso cold,finished,85.7188,85.7188,0.0,0.31
A,10,1221,3,nearest neighbour,raw,121.4781,85.7188,41.717,0.01
A,10,1221,3,nearest neighbour,finished,90.7751,85.7188,5.8987,0.01
A,10,1221,3,route search 3 s,finished,85.7188,85.7188,0.0,0.84
A,10,1222,2,qpso,raw,63.2418,58.1192,8.814,0.34
A,10,1222,2,qpso,finished,58.1192,58.1192,-0.0,0.34
A,10,1222,2,pso,raw,63.2418,58.1192,8.814,0.27
A,10,1222,2,pso,finished,58.1192,58.1192,-0.0,0.27
A,10,1222,2,ga,raw,62.907,58.1192,8.2379,1.66
A,10,1222,2,ga,finished,58.1192,58.1192,-0.0,1.66
A,10,1222,2,qpso cold,raw,60.5165,58.1192,4.1249,0.32
A,10,1222,2,qpso cold,finished,58.1192,58.1192,0.0,0.32
A,10,1222,2,nearest neighbour,raw,71.7126,58.1192,23.3889,0.0
A,10,1222,2,nearest neighbour,finished,58.1192,58.1192,-0.0,0.0
A,10,1222,2,route search 3 s,finished,58.1192,58.1192,-0.0,0.91
A,10,1223,2,qpso,raw,72.2108,68.8452,4.8886,0.3
A,10,1223,2,qpso,finished,68.8452,68.8452,0.0,0.3
A,10,1223,2,pso,raw,75.5228,68.8452,9.6994,0.27
A,10,1223,2,pso,finished,72.8067,68.8452,5.7542,0.27
A,10,1223,2,ga,raw,75.5228,68.8452,9.6994,1.56
A,10,1223,2,ga,finished,68.8452,68.8452,0.0,1.56
A,10,1223,2,qpso cold,raw,72.8067,68.8452,5.7542,0.32
A,10,1223,2,qpso cold,finished,72.8067,68.8452,5.7542,0.32
A,10,1223,2,nearest neighbour,raw,105.4713,68.8452,53.2006,0.01
A,10,1223,2,nearest neighbour,finished,72.8067,68.8452,5.7542,0.01
A,10,1223,2,route search 3 s,finished,68.8452,68.8452,0.0,0.9
A,10,1224,2,qpso,raw,107.7659,99.3309,8.4918,0.29
A,10,1224,2,qpso,finished,99.3309,99.3309,-0.0,0.29
A,10,1224,2,pso,raw,108.0425,99.3309,8.7703,0.26
A,10,1224,2,pso,finished,99.3309,99.3309,-0.0,0.26
A,10,1224,2,ga,raw,99.4175,99.3309,0.0872,1.63
A,10,1224,2,ga,finished,99.3309,99.3309,0.0,1.63
A,10,1224,2,qpso cold,raw,107.7659,99.3309,8.4918,0.34
A,10,1224,2,qpso cold,finished,99.3309,99.3309,-0.0,0.34
A,10,1224,2,nearest neighbour,raw,119.5093,99.3309,20.3143,0.01
A,10,1224,2,nearest neighbour,finished,102.3795,99.3309,3.0692,0.01
A,10,1224,2,route search 3 s,finished,99.3309,99.3309,-0.0,0.98
A,10,1225,3,qpso,raw,87.5972,85.4227,2.5456,0.32
A,10,1225,3,qpso,finished,87.5972,85.4227,2.5456,0.32
A,10,1225,3,pso,raw,88.7432,85.4227,3.8871,0.25
A,10,1225,3,pso,finished,87.5972,85.4227,2.5456,0.25
A,10,1225,3,ga,raw,88.7432,85.4227,3.8871,1.63
A,10,1225,3,ga,finished,88.1148,85.4227,3.1515,1.63
A,10,1225,3,qpso cold,raw,88.3472,85.4227,3.4235,0.33
A,10,1225,3,qpso cold,finished,88.3472,85.4227,3.4235,0.33
A,10,1225,3,nearest neighbour,raw,89.6551,85.4227,4.9547,0.0
A,10,1225,3,nearest neighbour,finished,89.6551,85.4227,4.9547,0.0
A,10,1225,3,route search 3 s,finished,85.4227,85.4227,0.0,0.9
A,10,1226,2,qpso,raw,99.5015,99.0202,0.4861,0.29
A,10,1226,2,qpso,finished,99.0202,99.0202,0.0,0.29
A,10,1226,2,pso,raw,102.9339,99.0202,3.9524,0.25
A,10,1226,2,pso,finished,99.2053,99.0202,0.187,0.25
A,10,1226,2,ga,raw,99.6867,99.0202,0.6731,1.6
A,10,1226,2,ga,finished,99.2053,99.0202,0.187,1.6
A,10,1226,2,qpso cold,raw,99.5015,99.0202,0.4861,0.32
A,10,1226,2,qpso cold,finished,99.0202,99.0202,0.0,0.32
A,10,1226,2,nearest neighbour,raw,131.1437,99.0202,32.4414,0.0
A,10,1226,2,nearest neighbour,finished,99.7211,99.0202,0.7078,0.0
A,10,1226,2,route search 3 s,finished,99.0202,99.0202,0.0,0.96
A,10,1227,2,qpso,raw,86.5234,80.731,7.175,0.31
A,10,1227,2,qpso,finished,81.7969,80.731,1.3203,0.31
A,10,1227,2,pso,raw,88.2829,80.731,9.3544,0.26
A,10,1227,2,pso,finished,81.7969,80.731,1.3203,0.26
A,10,1227,2,ga,raw,86.5234,80.731,7.175,1.66
A,10,1227,2,ga,finished,81.7969,80.731,1.3203,1.66
A,10,1227,2,qpso cold,raw,88.5224,80.731,9.651,0.35
A,10,1227,2,qpso cold,finished,82.7094,80.731,2.4506,0.35
A,10,1227,2,nearest neighbour,raw,105.0279,80.731,30.0961,0.01
A,10,1227,2,nearest neighbour,finished,82.7094,80.731,2.4506,0.01
A,10,1227,2,route search 3 s,finished,80.731,80.731,0.0,0.98
A,10,1228,2,qpso,raw,90.8576,90.8576,0.0,0.33
A,10,1228,2,qpso,finished,90.8576,90.8576,0.0,0.33
A,10,1228,2,pso,raw,93.6635,90.8576,3.0882,0.26
A,10,1228,2,pso,finished,90.8576,90.8576,0.0,0.26
A,10,1228,2,ga,raw,98.8798,90.8576,8.8294,1.44
A,10,1228,2,ga,finished,98.8798,90.8576,8.8294,1.44
A,10,1228,2,qpso cold,raw,93.6635,90.8576,3.0882,0.27
A,10,1228,2,qpso cold,finished,90.8576,90.8576,-0.0,0.27
A,10,1228,2,nearest neighbour,raw,133.0333,90.8576,46.4196,0.0
A,10,1228,2,nearest neighbour,finished,98.9198,90.8576,8.8735,0.0
A,10,1228,2,route search 3 s,finished,90.8576,90.8576,-0.0,0.95
A,10,1229,3,qpso,raw,65.8263,65.298,0.809,0.33
A,10,1229,3,qpso,finished,65.8263,65.298,0.809,0.33
A,10,1229,3,pso,raw,65.8263,65.298,0.809,0.27
A,10,1229,3,pso,finished,65.8263,65.298,0.809,0.27
A,10,1229,3,ga,raw,65.298,65.298,0.0,1.47
A,10,1229,3,ga,finished,65.298,65.298,0.0,1.47
A,10,1229,3,qpso cold,raw,65.8263,65.298,0.809,0.27
A,10,1229,3,qpso cold,finished,65.8263,65.298,0.809,0.27
A,10,1229,3,nearest neighbour,raw,84.8906,65.298,30.0049,0.0
A,10,1229,3,nearest neighbour,finished,65.298,65.298,0.0,0.0
A,10,1229,3,route search 3 s,finished,65.298,65.298,0.0,0.81
A,12,1200,3,qpso,raw,109.1413,107.1639,1.8452,0.33
A,12,1200,3,qpso,finished,109.1413,107.1639,1.8452,0.33
A,12,1200,3,pso,raw,110.8753,107.1639,3.4633,0.27
A,12,1200,3,pso,finished,107.1639,107.1639,0.0,0.27
A,12,1200,3,ga,raw,111.026,107.1639,3.6038,1.53
A,12,1200,3,ga,finished,110.5201,107.1639,3.1318,1.53
A,12,1200,3,qpso cold,raw,112.1203,107.1639,4.625,0.33
A,12,1200,3,qpso cold,finished,109.165,107.1639,1.8673,0.33
A,12,1200,3,nearest neighbour,raw,123.1818,107.1639,14.9471,0.01
A,12,1200,3,nearest neighbour,finished,110.5201,107.1639,3.1318,0.01
A,12,1200,3,route search 3 s,finished,107.1639,107.1639,0.0,1.38
A,12,1201,3,qpso,raw,87.5458,80.7451,8.4223,0.31
A,12,1201,3,qpso,finished,87.5458,80.7451,8.4223,0.31
A,12,1201,3,pso,raw,88.701,80.7451,9.8531,0.32
A,12,1201,3,pso,finished,88.356,80.7451,9.4258,0.32
A,12,1201,3,ga,raw,85.4659,80.7451,5.8465,1.55
A,12,1201,3,ga,finished,85.4659,80.7451,5.8465,1.55
A,12,1201,3,qpso cold,raw,80.7451,80.7451,-0.0,0.31
A,12,1201,3,qpso cold,finished,80.7451,80.7451,-0.0,0.31
A,12,1201,3,nearest neighbour,raw,97.6025,80.7451,20.8773,0.0
A,12,1201,3,nearest neighbour,finished,88.356,80.7451,9.4258,0.0
A,12,1201,3,route search 3 s,finished,80.7451,80.7451,-0.0,1.17
A,12,1202,3,qpso,raw,90.6037,90.3639,0.2654,0.34
A,12,1202,3,qpso,finished,90.3639,90.3639,0.0,0.34
A,12,1202,3,pso,raw,90.3639,90.3639,0.0,0.31
A,12,1202,3,pso,finished,90.3639,90.3639,0.0,0.31
A,12,1202,3,ga,raw,103.1625,90.3639,14.1634,1.48
A,12,1202,3,ga,finished,102.4535,90.3639,13.3788,1.48
A,12,1202,3,qpso cold,raw,90.6037,90.3639,0.2654,0.32
A,12,1202,3,qpso cold,finished,90.3639,90.3639,0.0,0.32
A,12,1202,3,nearest neighbour,raw,122.6997,90.3639,35.7839,0.01
A,12,1202,3,nearest neighbour,finished,102.4535,90.3639,13.3788,0.01
A,12,1202,3,route search 3 s,finished,90.3639,90.3639,0.0,1.19
A,12,1203,2,qpso,raw,72.7282,64.748,12.3251,0.34
A,12,1203,2,qpso,finished,72.7282,64.748,12.3251,0.34
A,12,1203,2,pso,raw,72.7282,64.748,12.3251,0.29
A,12,1203,2,pso,finished,72.7282,64.748,12.3251,0.29
A,12,1203,2,ga,raw,70.7074,64.748,9.204,1.49
A,12,1203,2,ga,finished,70.7074,64.748,9.204,1.49
A,12,1203,2,qpso cold,raw,72.7282,64.748,12.3251,0.3
A,12,1203,2,qpso cold,finished,70.5983,64.748,9.0355,0.3
A,12,1203,2,nearest neighbour,raw,91.4786,64.748,41.2841,0.01
A,12,1203,2,nearest neighbour,finished,70.7074,64.748,9.204,0.01
A,12,1203,2,route search 3 s,finished,64.748,64.748,-0.0,1.45
A,12,1204,2,qpso,raw,78.2613,77.4552,1.0406,0.31
A,12,1204,2,qpso,finished,78.2613,77.4552,1.0406,0.31
A,12,1204,2,pso,raw,78.2613,77.4552,1.0406,0.27
A,12,1204,2,pso,finished,78.2613,77.4552,1.0406,0.27
A,12,1204,2,ga,raw,78.2613,77.4552,1.0406,1.62
A,12,1204,2,ga,finished,78.2613,77.4552,1.0406,1.62
A,12,1204,2,qpso cold,raw,82.3251,77.4552,6.2873,0.34
A,12,1204,2,qpso cold,finished,77.4552,77.4552,0.0,0.34
A,12,1204,2,nearest neighbour,raw,84.5392,77.4552,9.1459,0.0
A,12,1204,2,nearest neighbour,finished,78.2613,77.4552,1.0406,0.0
A,12,1204,2,route search 3 s,finished,77.4552,77.4552,0.0,1.45
A,12,1205,3,qpso,raw,86.2304,86.2304,0.0,0.33
A,12,1205,3,qpso,finished,86.2304,86.2304,0.0,0.33
A,12,1205,3,pso,raw,87.2058,86.2304,1.1311,0.28
A,12,1205,3,pso,finished,87.2058,86.2304,1.1311,0.28
A,12,1205,3,ga,raw,88.331,86.2304,2.4359,1.51
A,12,1205,3,ga,finished,86.5207,86.2304,0.3366,1.51
A,12,1205,3,qpso cold,raw,87.2942,86.2304,1.2336,0.29
A,12,1205,3,qpso cold,finished,86.2304,86.2304,0.0,0.29
A,12,1205,3,nearest neighbour,raw,103.9572,86.2304,20.5575,0.01
A,12,1205,3,nearest neighbour,finished,87.2058,86.2304,1.1311,0.01
A,12,1205,3,route search 3 s,finished,86.2304,86.2304,0.0,1.27
A,12,1206,3,qpso,raw,80.6597,79.3413,1.6617,0.33
A,12,1206,3,qpso,finished,79.3413,79.3413,-0.0,0.33
A,12,1206,3,pso,raw,80.6597,79.3413,1.6617,0.3
A,12,1206,3,pso,finished,79.3413,79.3413,-0.0,0.3
A,12,1206,3,ga,raw,80.6597,79.3413,1.6617,1.54
A,12,1206,3,ga,finished,79.3413,79.3413,-0.0,1.54
A,12,1206,3,qpso cold,raw,79.4521,79.3413,0.1397,0.32
A,12,1206,3,qpso cold,finished,79.4521,79.3413,0.1397,0.32
A,12,1206,3,nearest neighbour,raw,86.4484,79.3413,8.9577,0.01
A,12,1206,3,nearest neighbour,finished,79.4521,79.3413,0.1397,0.01
A,12,1206,3,route search 3 s,finished,79.3413,79.3413,-0.0,1.3
A,12,1207,2,qpso,raw,118.5936,107.1536,10.6763,0.34
A,12,1207,2,qpso,finished,107.1536,107.1536,0.0,0.34
A,12,1207,2,pso,raw,118.5936,107.1536,10.6763,0.28
A,12,1207,2,pso,finished,107.1536,107.1536,0.0,0.28
A,12,1207,2,ga,raw,118.7627,107.1536,10.8341,1.55
A,12,1207,2,ga,finished,107.3226,107.1536,0.1578,1.55
A,12,1207,2,qpso cold,raw,114.3228,107.1536,6.6906,0.31
A,12,1207,2,qpso cold,finished,108.2004,107.1536,0.9769,0.31
A,12,1207,2,nearest neighbour,raw,119.6104,107.1536,11.6252,0.0
A,12,1207,2,nearest neighbour,finished,107.3226,107.1536,0.1578,0.0
A,12,1207,2,route search 3 s,finished,107.1536,107.1536,0.0,1.22
A,12,1208,3,qpso,raw,102.7233,88.5772,15.9704,0.3
A,12,1208,3,qpso,finished,90.3452,88.5772,1.996,0.3
A,12,1208,3,pso,raw,102.7233,88.5772,15.9704,0.27
A,12,1208,3,pso,finished,90.3452,88.5772,1.996,0.27
A,12,1208,3,ga,raw,88.5772,88.5772,0.0,1.55
A,12,1208,3,ga,finished,88.5772,88.5772,0.0,1.55
A,12,1208,3,qpso cold,raw,88.5772,88.5772,0.0,0.32
A,12,1208,3,qpso cold,finished,88.5772,88.5772,0.0,0.32
A,12,1208,3,nearest neighbour,raw,113.1458,88.5772,27.7369,0.01
A,12,1208,3,nearest neighbour,finished,90.3452,88.5772,1.996,0.01
A,12,1208,3,route search 3 s,finished,88.5772,88.5772,0.0,1.14
A,12,1209,3,qpso,raw,98.019,92.7821,5.6442,0.3
A,12,1209,3,qpso,finished,93.1577,92.7821,0.4047,0.3
A,12,1209,3,pso,raw,96.3645,92.7821,3.861,0.27
A,12,1209,3,pso,finished,93.1577,92.7821,0.4047,0.27
A,12,1209,3,ga,raw,97.2147,92.7821,4.7774,1.52
A,12,1209,3,ga,finished,93.1577,92.7821,0.4047,1.52
A,12,1209,3,qpso cold,raw,92.7821,92.7821,-0.0,0.29
A,12,1209,3,qpso cold,finished,92.7821,92.7821,-0.0,0.29
A,12,1209,3,nearest neighbour,raw,118.0197,92.7821,27.2009,0.01
A,12,1209,3,nearest neighbour,finished,98.9774,92.7821,6.6772,0.01
A,12,1209,3,route search 3 s,finished,92.7821,92.7821,0.0,1.35
A,12,1210,3,qpso,raw,93.5067,89.4789,4.5014,0.36
A,12,1210,3,qpso,finished,89.4789,89.4789,0.0,0.36
A,12,1210,3,pso,raw,94.166,89.4789,5.2383,0.27
A,12,1210,3,pso,finished,89.4789,89.4789,0.0,0.27
A,12,1210,3,ga,raw,93.172,89.4789,4.1274,1.51
A,12,1210,3,ga,finished,89.4789,89.4789,0.0,1.51
A,12,1210,3,qpso cold,raw,90.507,89.4789,1.149,0.35
A,12,1210,3,qpso cold,finished,89.4789,89.4789,0.0,0.35
A,12,1210,3,nearest neighbour,raw,129.8892,89.4789,45.1618,0.01
A,12,1210,3,nearest neighbour,finished,92.2074,89.4789,3.0493,0.01
A,12,1210,3,route search 3 s,finished,89.4789,89.4789,0.0,1.16
A,12,1211,3,qpso,raw,82.4816,78.344,5.2813,0.36
A,12,1211,3,qpso,finished,81.8193,78.344,4.436,0.36
A,12,1211,3,pso,raw,83.347,78.344,6.386,0.26
A,12,1211,3,pso,finished,82.754,78.344,5.6291,0.26
A,12,1211,3,ga,raw,79.9818,78.344,2.0905,1.49
A,12,1211,3,ga,finished,79.9818,78.344,2.0905,1.49
A,12,1211,3,qpso cold,raw,81.8193,78.344,4.436,0.31
A,12,1211,3,qpso cold,finished,81.8193,78.344,4.436,0.31
A,12,1211,3,nearest neighbour,raw,87.9562,78.344,12.2692,0.01
A,12,1211,3,nearest neighbour,finished,85.1897,78.344,8.7381,0.01
A,12,1211,3,route search 3 s,finished,78.344,78.344,0.0,1.24
A,12,1212,3,qpso,raw,118.9326,118.9326,0.0,0.32
A,12,1212,3,qpso,finished,118.9326,118.9326,0.0,0.32
A,12,1212,3,pso,raw,118.9326,118.9326,0.0,0.29
A,12,1212,3,pso,finished,118.9326,118.9326,0.0,0.29
A,12,1212,3,ga,raw,118.9326,118.9326,0.0,1.55
A,12,1212,3,ga,finished,118.9326,118.9326,0.0,1.55
A,12,1212,3,qpso cold,raw,119.0702,118.9326,0.1157,0.33
A,12,1212,3,qpso cold,finished,118.9326,118.9326,0.0,0.33
A,12,1212,3,nearest neighbour,raw,134.3165,118.9326,12.935,0.0
A,12,1212,3,nearest neighbour,finished,118.9326,118.9326,0.0,0.0
A,12,1212,3,route search 3 s,finished,118.9326,118.9326,0.0,1.32
A,12,1213,3,qpso,raw,80.9773,76.1359,6.359,0.32
A,12,1213,3,qpso,finished,80.9773,76.1359,6.359,0.32
A,12,1213,3,pso,raw,80.9773,76.1359,6.359,0.26
A,12,1213,3,pso,finished,80.9773,76.1359,6.359,0.26
A,12,1213,3,ga,raw,80.9773,76.1359,6.359,1.57
A,12,1213,3,ga,finished,80.9773,76.1359,6.359,1.57
A,12,1213,3,qpso cold,raw,81.7684,76.1359,7.398,0.32
A,12,1213,3,qpso cold,finished,81.7684,76.1359,7.398,0.32
A,12,1213,3,nearest neighbour,raw,82.621,76.1359,8.5179,0.0
A,12,1213,3,nearest neighbour,finished,80.9773,76.1359,6.359,0.0
A,12,1213,3,route search 3 s,finished,76.1359,76.1359,0.0,1.25
A,12,1214,3,qpso,raw,91.8097,82.723,10.9844,0.37
A,12,1214,3,qpso,finished,86.9002,82.723,5.0497,0.37
A,12,1214,3,pso,raw,93.6749,82.723,13.2393,0.3
A,12,1214,3,pso,finished,86.9002,82.723,5.0497,0.3
A,12,1214,3,ga,raw,90.7316,82.723,9.6812,1.6
A,12,1214,3,ga,finished,90.7316,82.723,9.6812,1.6
A,12,1214,3,qpso cold,raw,89.5844,82.723,8.2944,0.32
A,12,1214,3,qpso cold,finished,87.4171,82.723,5.6745,0.32
A,12,1214,3,nearest neighbour,raw,107.9985,82.723,30.5544,0.01
A,12,1214,3,nearest neighbour,finished,97.1033,82.723,17.3837,0.01
A,12,1214,3,route search 3 s,finished,82.723,82.723,0.0,1.38
A,12,1215,2,qpso,raw,94.0938,89.9183,4.6437,0.33
A,12,1215,2,qpso,finished,89.9183,89.9183,0.0,0.33
A,12,1215,2,pso,raw,100.5976,89.9183,11.8767,0.26
A,12,1215,2,pso,finished,89.9183,89.9183,0.0,0.26
A,12,1215,2,ga,raw,89.9485,89.9183,0.0336,1.47
A,12,1215,2,ga,finished,89.9183,89.9183,-0.0,1.47
A,12,1215,2,qpso cold,raw,89.9485,89.9183,0.0336,0.31
A,12,1215,2,qpso cold,finished,89.9183,89.9183,-0.0,0.31
A,12,1215,2,nearest neighbour,raw,111.8198,89.9183,24.3572,0.01
A,12,1215,2,nearest neighbour,finished,89.9183,89.9183,0.0,0.01
A,12,1215,2,route search 3 s,finished,89.9183,89.9183,0.0,1.25
A,12,1216,3,qpso,raw,113.169,113.169,-0.0,0.32
A,12,1216,3,qpso,finished,113.169,113.169,-0.0,0.32
A,12,1216,3,pso,raw,118.3375,113.169,4.567,0.3
A,12,1216,3,pso,finished,113.169,113.169,-0.0,0.3
A,12,1216,3,ga,raw,116.3678,113.169,2.8265,1.59
A,12,1216,3,ga,finished,113.169,113.169,-0.0,1.59
A,12,1216,3,qpso cold,raw,114.5685,113.169,1.2366,0.31
A,12,1216,3,qpso cold,finished,114.5685,113.169,1.2366,0.31
A,12,1216,3,nearest neighbour,raw,160.1075,113.169,41.4764,0.01
A,12,1216,3,nearest neighbour,finished,120.3328,113.169,6.3301,0.01
A,12,1216,3,route search 3 s,finished,113.169,113.169,0.0,1.23
A,12,1217,3,qpso,raw,86.7773,86.7773,0.0,0.42
A,12,1217,3,qpso,finished,86.7773,86.7773,0.0,0.42
A,12,1217,3,pso,raw,94.3265,86.7773,8.6996,0.29
A,12,1217,3,pso,finished,94.3265,86.7773,8.6996,0.29
A,12,1217,3,ga,raw,94.3265,86.7773,8.6996,1.52
A,12,1217,3,ga,finished,94.3265,86.7773,8.6996,1.52
A,12,1217,3,qpso cold,raw,94.4976,86.7773,8.8967,0.29
A,12,1217,3,qpso cold,finished,94.4976,86.7773,8.8967,0.29
A,12,1217,3,nearest neighbour,raw,111.406,86.7773,28.3816,0.0
A,12,1217,3,nearest neighbour,finished,94.3265,86.7773,8.6996,0.0
A,12,1217,3,route search 3 s,finished,86.7773,86.7773,0.0,1.2
A,12,1218,3,qpso,raw,100.5426,100.5426,0.0,0.34
A,12,1218,3,qpso,finished,100.5426,100.5426,0.0,0.34
A,12,1218,3,pso,raw,100.5426,100.5426,0.0,0.28
A,12,1218,3,pso,finished,100.5426,100.5426,0.0,0.28
A,12,1218,3,ga,raw,100.8722,100.5426,0.3279,1.54
A,12,1218,3,ga,finished,100.8722,100.5426,0.3279,1.54
A,12,1218,3,qpso cold,raw,100.5426,100.5426,-0.0,0.32
A,12,1218,3,qpso cold,finished,100.5426,100.5426,-0.0,0.32
A,12,1218,3,nearest neighbour,raw,112.2721,100.5426,11.6663,0.01
A,12,1218,3,nearest neighbour,finished,100.8722,100.5426,0.3279,0.01
A,12,1218,3,route search 3 s,finished,100.5426,100.5426,0.0,1.27
A,12,1219,3,qpso,raw,75.6296,70.2568,7.6474,0.33
A,12,1219,3,qpso,finished,70.7561,70.2568,0.7107,0.33
A,12,1219,3,pso,raw,75.6296,70.2568,7.6474,0.27
A,12,1219,3,pso,finished,70.7561,70.2568,0.7107,0.27
A,12,1219,3,ga,raw,75.8598,70.2568,7.9751,1.54
A,12,1219,3,ga,finished,70.7561,70.2568,0.7107,1.54
A,12,1219,3,qpso cold,raw,71.3964,70.2568,1.622,0.36
A,12,1219,3,qpso cold,finished,70.2568,70.2568,0.0,0.36
A,12,1219,3,nearest neighbour,raw,80.7749,70.2568,14.9709,0.01
A,12,1219,3,nearest neighbour,finished,70.7561,70.2568,0.7107,0.01
A,12,1219,3,route search 3 s,finished,70.2568,70.2568,0.0,1.53
A,12,1220,3,qpso,raw,84.7219,84.2926,0.5094,0.36
A,12,1220,3,qpso,finished,84.7219,84.2926,0.5094,0.36
A,12,1220,3,pso,raw,84.2926,84.2926,0.0,0.29
A,12,1220,3,pso,finished,84.2926,84.2926,0.0,0.29
A,12,1220,3,ga,raw,84.7219,84.2926,0.5094,1.59
A,12,1220,3,ga,finished,84.7219,84.2926,0.5094,1.59
A,12,1220,3,qpso cold,raw,85.4753,84.2926,1.4031,0.35
A,12,1220,3,qpso cold,finished,84.2926,84.2926,0.0,0.35
A,12,1220,3,nearest neighbour,raw,93.0029,84.2926,10.3334,0.01
A,12,1220,3,nearest neighbour,finished,85.3975,84.2926,1.3108,0.01
A,12,1220,3,route search 3 s,finished,84.2926,84.2926,0.0,1.33
A,12,1221,3,qpso,raw,105.0981,101.4638,3.5818,0.35
A,12,1221,3,qpso,finished,105.0981,101.4638,3.5818,0.35
A,12,1221,3,pso,raw,105.5821,101.4638,4.0589,0.27
A,12,1221,3,pso,finished,105.5821,101.4638,4.0589,0.27
A,12,1221,3,ga,raw,105.0981,101.4638,3.5818,1.77
A,12,1221,3,ga,finished,105.0981,101.4638,3.5818,1.77
A,12,1221,3,qpso cold,raw,105.4769,101.4638,3.9552,0.41
A,12,1221,3,qpso cold,finished,101.4638,101.4638,0.0,0.41
A,12,1221,3,nearest neighbour,raw,109.2615,101.4638,7.6851,0.01
A,12,1221,3,nearest neighbour,finished,105.5821,101.4638,4.0589,0.01
A,12,1221,3,route search 3 s,finished,101.4638,101.4638,0.0,1.29
A,12,1222,2,qpso,raw,68.3485,58.1192,17.6006,0.35
A,12,1222,2,qpso,finished,61.4535,58.1192,5.7371,0.35
A,12,1222,2,pso,raw,63.7107,58.1192,9.6208,0.28
A,12,1222,2,pso,finished,61.4535,58.1192,5.7371,0.28
A,12,1222,2,ga,raw,68.4872,58.1192,17.8393,1.62
A,12,1222,2,ga,finished,61.4535,58.1192,5.7371,1.62
A,12,1222,2,qpso cold,raw,63.3908,58.1192,9.0704,0.33
A,12,1222,2,qpso cold,finished,58.1192,58.1192,0.0,0.33
A,12,1222,2,nearest neighbour,raw,72.7248,58.1192,25.1304,0.01
A,12,1222,2,nearest neighbour,finished,61.4535,58.1192,5.7371,0.01
A,12,1222,2,route search 3 s,finished,58.1192,58.1192,0.0,1.22
A,12,1223,2,qpso,raw,79.1736,73.636,7.5202,0.36
A,12,1223,2,qpso,finished,76.3473,73.636,3.682,0.36
A,12,1223,2,pso,raw,89.9358,73.636,22.1356,0.34
A,12,1223,2,pso,finished,76.3473,73.636,3.682,0.34
A,12,1223,2,ga,raw,95.3021,73.636,29.4232,1.65
A,12,1223,2,ga,finished,79.1736,73.636,7.5202,1.65
A,12,1223,2,qpso cold,raw,79.274,73.636,7.6565,0.31
A,12,1223,2,qpso cold,finished,76.3473,73.636,3.682,0.31
A,12,1223,2,nearest neighbour,raw,98.4107,73.636,33.6447,0.01
A,12,1223,2,nearest neighbour,finished,73.7775,73.636,0.192,0.01
A,12,1223,2,route search 3 s,finished,73.636,73.636,0.0,1.51
A,12,1224,3,qpso,raw,122.6339,122.6339,0.0,0.35
A,12,1224,3,qpso,finished,122.6339,122.6339,0.0,0.35
A,12,1224,3,pso,raw,126.8667,122.6339,3.4515,0.3
A,12,1224,3,pso,finished,122.6339,122.6339,0.0,0.3
A,12,1224,3,ga,raw,126.7703,122.6339,3.3729,1.62
A,12,1224,3,ga,finished,122.6339,122.6339,0.0,1.62
A,12,1224,3,qpso cold,raw,123.3451,122.6339,0.5799,0.45
A,12,1224,3,qpso cold,finished,122.6339,122.6339,0.0,0.45
A,12,1224,3,nearest neighbour,raw,160.6294,122.6339,30.9828,0.01
A,12,1224,3,nearest neighbour,finished,122.6339,122.6339,0.0,0.01
A,12,1224,3,route search 3 s,finished,122.6339,122.6339,0.0,1.28
A,12,1225,3,qpso,raw,105.4038,104.1836,1.1712,0.34
A,12,1225,3,qpso,finished,104.1836,104.1836,0.0,0.34
A,12,1225,3,pso,raw,105.5907,104.1836,1.3506,0.3
A,12,1225,3,pso,finished,104.9623,104.1836,0.7475,0.3
A,12,1225,3,ga,raw,106.1289,104.1836,1.8672,1.71
A,12,1225,3,ga,finished,105.537,104.1836,1.2991,1.71
A,12,1225,3,qpso cold,raw,108.8641,104.1836,4.4925,0.37
A,12,1225,3,qpso cold,finished,108.8641,104.1836,4.4925,0.37
A,12,1225,3,nearest neighbour,raw,118.7707,104.1836,14.0013,0.01
A,12,1225,3,nearest neighbour,finished,104.1836,104.1836,0.0,0.01
A,12,1225,3,route search 3 s,finished,104.1836,104.1836,0.0,1.21
A,12,1226,3,qpso,raw,113.4253,112.9734,0.4,0.33
A,12,1226,3,qpso,finished,113.4253,112.9734,0.4,0.33
A,12,1226,3,pso,raw,113.4253,112.9734,0.4,0.32
A,12,1226,3,pso,finished,113.4253,112.9734,0.4,0.32
A,12,1226,3,ga,raw,115.762,112.9734,2.4683,1.6
A,12,1226,3,ga,finished,113.4253,112.9734,0.4,1.6
A,12,1226,3,qpso cold,raw,113.1586,112.9734,0.1639,0.31
A,12,1226,3,qpso cold,finished,113.1586,112.9734,0.1639,0.31
A,12,1226,3,nearest neighbour,raw,122.2593,112.9734,8.2195,0.01
A,12,1226,3,nearest neighbour,finished,113.4253,112.9734,0.4,0.01
A,12,1226,3,route search 3 s,finished,112.9734,112.9734,0.0,1.42
A,12,1227,3,qpso,raw,90.0985,83.436,7.9851,0.31
A,12,1227,3,qpso,finished,90.0126,83.436,7.8822,0.31
A,12,1227,3,pso,raw,90.1806,83.436,8.0836,0.31
A,12,1227,3,pso,finished,88.2548,83.436,5.7754,0.31
A,12,1227,3,ga,raw,95.6206,83.436,14.6035,1.6
A,12,1227,3,ga,finished,95.6206,83.436,14.6035,1.6
A,12,1227,3,qpso cold,raw,91.1761,83.436,9.2767,0.34
A,12,1227,3,qpso cold,finished,88.5224,83.436,6.0961,0.34
A,12,1227,3,nearest neighbour,raw,105.0003,83.436,25.8453,0.0
A,12,1227,3,nearest neighbour,finished,95.6206,83.436,14.6035,0.0
A,12,1227,3,route search 3 s,finished,83.436,83.436,0.0,1.37
A,12,1228,2,qpso,raw,101.9657,95.318,6.9742,0.33
A,12,1228,2,qpso,finished,101.9657,95.318,6.9742,0.33
A,12,1228,2,pso,raw,101.9657,95.318,6.9742,0.26
A,12,1228,2,pso,finished,101.9657,95.318,6.9742,0.26
A,12,1228,2,ga,raw,101.9657,95.318,6.9742,1.54
A,12,1228,2,ga,finished,101.9657,95.318,6.9742,1.54
A,12,1228,2,qpso cold,raw,95.318,95.318,0.0,0.31
A,12,1228,2,qpso cold,finished,95.318,95.318,0.0,0.31
A,12,1228,2,nearest neighbour,raw,111.7372,95.318,17.2257,0.0
A,12,1228,2,nearest neighbour,finished,102.4411,95.318,7.4729,0.0
A,12,1228,2,route search 3 s,finished,95.318,95.318,0.0,1.44
A,12,1229,3,qpso,raw,75.915,74.5559,1.823,0.34
A,12,1229,3,qpso,finished,75.915,74.5559,1.823,0.34
A,12,1229,3,pso,raw,79.6584,74.5559,6.8438,0.31
A,12,1229,3,pso,finished,75.915,74.5559,1.823,0.31
A,12,1229,3,ga,raw,81.4194,74.5559,9.2058,1.62
A,12,1229,3,ga,finished,80.9555,74.5559,8.5836,1.62
A,12,1229,3,qpso cold,raw,75.915,74.5559,1.823,0.34
A,12,1229,3,qpso cold,finished,75.915,74.5559,1.823,0.34
A,12,1229,3,nearest neighbour,raw,116.2555,74.5559,55.9308,0.01
A,12,1229,3,nearest neighbour,finished,81.5886,74.5559,9.4328,0.01
A,12,1229,3,route search 3 s,finished,74.5559,74.5559,0.0,1.26
A,14,1200,3,qpso,raw,119.2207,113.7582,4.8019,0.41
A,14,1200,3,qpso,finished,119.2207,113.7582,4.8019,0.41
A,14,1200,3,pso,raw,120.0919,113.7582,5.5677,0.35
A,14,1200,3,pso,finished,120.0919,113.7582,5.5677,0.35
A,14,1200,3,ga,raw,130.1976,113.7582,14.4512,1.64
A,14,1200,3,ga,finished,118.8212,113.7582,4.4507,1.64
A,14,1200,3,qpso cold,raw,117.4695,113.7582,3.2625,0.38
A,14,1200,3,qpso cold,finished,117.2902,113.7582,3.1049,0.38
A,14,1200,3,nearest neighbour,raw,162.0506,113.7582,42.4519,0.01
A,14,1200,3,nearest neighbour,finished,122.6187,113.7582,7.7889,0.01
A,14,1200,3,route search 3 s,finished,113.7582,113.7582,0.0,1.78
A,14,1201,3,qpso,raw,105.8278,94.8406,11.5849,0.41
A,14,1201,3,qpso,finished,94.8406,94.8406,-0.0,0.41
A,14,1201,3,pso,raw,118.6856,94.8406,25.1422,0.33
A,14,1201,3,pso,finished,94.8406,94.8406,-0.0,0.33
A,14,1201,3,ga,raw,114.0747,94.8406,20.2804,1.7
A,14,1201,3,ga,finished,109.1704,94.8406,15.1093,1.7
A,14,1201,3,qpso cold,raw,94.8406,94.8406,-0.0,0.37
A,14,1201,3,qpso cold,finished,94.8406,94.8406,-0.0,0.37
A,14,1201,3,nearest neighbour,raw,132.1447,94.8406,39.3335,0.01
A,14,1201,3,nearest neighbour,finished,102.8883,94.8406,8.4855,0.01
A,14,1201,3,route search 3 s,finished,94.8406,94.8406,-0.0,1.71
A,14,1202,3,qpso,raw,105.7352,95.9406,10.209,0.38
A,14,1202,3,qpso,finished,105.7352,95.9406,10.209,0.38
A,14,1202,3,pso,raw,105.7352,95.9406,10.209,0.31
A,14,1202,3,pso,finished,105.7352,95.9406,10.209,0.31
A,14,1202,3,ga,raw,104.9481,95.9406,9.3886,1.57
A,14,1202,3,ga,finished,104.9481,95.9406,9.3886,1.57
A,14,1202,3,qpso cold,raw,97.0665,95.9406,1.1736,0.4
A,14,1202,3,qpso cold,finished,95.9406,95.9406,0.0,0.4
A,14,1202,3,nearest neighbour,raw,133.029,95.9406,38.6576,0.01
A,14,1202,3,nearest neighbour,finished,105.0297,95.9406,9.4737,0.01
A,14,1202,3,route search 3 s,finished,95.9406,95.9406,0.0,1.68
A,14,1203,3,qpso,raw,79.2958,77.2186,2.6899,0.42
A,14,1203,3,qpso,finished,79.2958,77.2186,2.6899,0.42
A,14,1203,3,pso,raw,85.3677,77.2186,10.5533,0.29
A,14,1203,3,pso,finished,85.3677,77.2186,10.5533,0.29
A,14,1203,3,ga,raw,81.3077,77.2186,5.2954,1.62
A,14,1203,3,ga,finished,79.2958,77.2186,2.6899,1.62
A,14,1203,3,qpso cold,raw,77.2186,77.2186,0.0,0.38
A,14,1203,3,qpso cold,finished,77.2186,77.2186,0.0,0.38
A,14,1203,3,nearest neighbour,raw,120.798,77.2186,56.4364,0.01
A,14,1203,3,nearest neighbour,finished,85.1308,77.2186,10.2465,0.01
A,14,1203,3,route search 3 s,finished,77.2186,77.2186,0.0,1.83
A,14,1204,2,qpso,raw,82.5839,75.8246,8.9144,0.36
A,14,1204,2,qpso,finished,76.6306,75.8246,1.063,0.36
A,14,1204,2,pso,raw,82.5839,75.8246,8.9144,0.33
A,14,1204,2,pso,finished,76.6306,75.8246,1.063,0.33
A,14,1204,2,ga,raw,87.751,75.8246,15.7289,1.76
A,14,1204,2,ga,finished,85.4733,75.8246,12.725,1.76
A,14,1204,2,qpso cold,raw,87.0783,75.8246,14.8418,0.34
A,14,1204,2,qpso cold,finished,76.6306,75.8246,1.063,0.34
A,14,1204,2,nearest neighbour,raw,95.3716,75.8246,25.7793,0.01
A,14,1204,2,nearest neighbour,finished,85.4733,75.8246,12.725,0.01
A,14,1204,2,route search 3 s,finished,75.8246,75.8246,-0.0,1.83
A,14,1205,3,qpso,raw,101.7026,95.3213,6.6945,0.44
A,14,1205,3,qpso,finished,96.4304,95.3213,1.1635,0.44
A,14,1205,3,pso,raw,106.1293,95.3213,11.3385,0.31
A,14,1205,3,pso,finished,96.4304,95.3213,1.1635,0.31
A,14,1205,3,ga,raw,103.4833,95.3213,8.5626,1.73
A,14,1205,3,ga,finished,98.2111,95.3213,3.0317,1.73
A,14,1205,3,qpso cold,raw,100.3388,95.3213,5.2637,0.38
A,14,1205,3,qpso cold,finished,97.885,95.3213,2.6896,0.38
A,14,1205,3,nearest neighbour,raw,151.7381,95.3213,59.1859,0.01
A,14,1205,3,nearest neighbour,finished,116.2497,95.3213,21.9556,0.01
A,14,1205,3,route search 3 s,finished,95.3213,95.3213,0.0,1.78
A,14,1206,3,qpso,raw,105.3076,87.4671,20.3968,0.37
A,14,1206,3,qpso,finished,87.4671,87.4671,0.0,0.37
A,14,1206,3,pso,raw,105.3076,87.4671,20.3968,0.32
A,14,1206,3,pso,finished,87.4671,87.4671,0.0,0.32
A,14,1206,3,ga,raw,103.4787,87.4671,18.3058,1.7
A,14,1206,3,ga,finished,87.4671,87.4671,0.0,1.7
A,14,1206,3,qpso cold,raw,92.1087,87.4671,5.3067,0.36
A,14,1206,3,qpso cold,finished,90.6424,87.4671,3.6302,0.36
A,14,1206,3,nearest neighbour,raw,110.3023,87.4671,26.1072,0.01
A,14,1206,3,nearest neighbour,finished,87.4671,87.4671,0.0,0.01
A,14,1206,3,route search 3 s,finished,87.4671,87.4671,0.0,1.5
A,14,1207,3,qpso,raw,131.8324,112.7221,16.9535,0.39
A,14,1207,3,qpso,finished,127.0519,112.7221,12.7125,0.39
A,14,1207,3,pso,raw,129.9257,112.7221,15.262,0.33
A,14,1207,3,pso,finished,126.8828,112.7221,12.5625,0.33
A,14,1207,3,ga,raw,127.9296,112.7221,13.4912,1.66
A,14,1207,3,ga,finished,126.8828,112.7221,12.5625,1.66
A,14,1207,3,qpso cold,raw,119.9592,112.7221,6.4204,0.36
A,14,1207,3,qpso cold,finished,114.4761,112.7221,1.5561,0.36
A,14,1207,3,nearest neighbour,raw,165.1335,112.7221,46.4961,0.01
A,14,1207,3,nearest neighbour,finished,114.9023,112.7221,1.9341,0.01
A,14,1207,3,route search 3 s,finished,112.7221,112.7221,0.0,1.44
A,14,1208,3,qpso,raw,129.3634,121.7329,6.2683,0.35
A,14,1208,3,qpso,finished,121.7329,121.7329,0.0,0.35
A,14,1208,3,pso,raw,144.4242,121.7329,18.6402,0.3
A,14,1208,3,pso,finished,123.5009,121.7329,1.4524,0.3
A,14,1208,3,ga,raw,124.593,121.7329,2.3495,1.73
A,14,1208,3,ga,finished,123.8864,121.7329,1.7691,1.73
A,14,1208,3,qpso cold,raw,134.3733,121.7329,10.3838,0.35
A,14,1208,3,qpso cold,finished,128.2733,121.7329,5.3728,0.35
A,14,1208,3,nearest neighbour,raw,170.1502,121.7329,39.7734,0.01
A,14,1208,3,nearest neighbour,finished,125.6544,121.7329,3.2214,0.01
A,14,1208,3,route search 3 s,finished,121.7329,121.7329,0.0,1.57
A,14,1209,3,qpso,raw,138.5638,109.7821,26.2171,0.36
A,14,1209,3,qpso,finished,109.7821,109.7821,0.0,0.36
A,14,1209,3,pso,raw,140.6118,109.7821,28.0826,0.37
A,14,1209,3,pso,finished,109.7821,109.7821,0.0,0.37
A,14,1209,3,ga,raw,137.644,109.7821,25.3792,1.65
A,14,1209,3,ga,finished,109.7821,109.7821,0.0,1.65
A,14,1209,3,qpso cold,raw,138.5638,109.7821,26.2171,0.37
A,14,1209,3,qpso cold,finished,109.7821,109.7821,0.0,0.37
A,14,1209,3,nearest neighbour,raw,159.3825,109.7821,45.1807,0.01
A,14,1209,3,nearest neighbour,finished,114.3353,109.7821,4.1475,0.01
A,14,1209,3,route search 3 s,finished,109.7821,109.7821,-0.0,1.79
A,14,1210,3,qpso,raw,97.6162,88.0404,10.8767,0.37
A,14,1210,3,qpso,finished,97.6162,88.0404,10.8767,0.37
A,14,1210,3,pso,raw,97.6162,88.0404,10.8767,0.31
A,14,1210,3,pso,finished,97.6162,88.0404,10.8767,0.31
A,14,1210,3,ga,raw,97.7078,88.0404,10.9807,1.64
A,14,1210,3,ga,finished,97.7078,88.0404,10.9807,1.64
A,14,1210,3,qpso cold,raw,88.0404,88.0404,0.0,0.32
A,14,1210,3,qpso cold,finished,88.0404,88.0404,0.0,0.32
A,14,1210,3,nearest neighbour,raw,106.6012,88.0404,21.0822,0.01
A,14,1210,3,nearest neighbour,finished,97.7078,88.0404,10.9807,0.01
A,14,1210,3,route search 3 s,finished,88.0404,88.0404,0.0,1.94
A,14,1211,3,qpso,raw,100.0117,88.9385,12.4504,0.41
A,14,1211,3,qpso,finished,99.4187,88.9385,11.7837,0.41
A,14,1211,3,pso,raw,100.0117,88.9385,12.4504,0.28
A,14,1211,3,pso,finished,99.4187,88.9385,11.7837,0.28
A,14,1211,3,ga,raw,90.5763,88.9385,1.8415,1.58
A,14,1211,3,ga,finished,90.5763,88.9385,1.8415,1.58
A,14,1211,3,qpso cold,raw,91.1252,88.9385,2.4586,0.38
A,14,1211,3,qpso cold,finished,91.1252,88.9385,2.4586,0.38
A,14,1211,3,nearest neighbour,raw,124.5572,88.9385,40.0486,0.01
A,14,1211,3,nearest neighbour,finished,91.1252,88.9385,2.4586,0.01
A,14,1211,3,route search 3 s,finished,88.9385,88.9385,-0.0,2.12
A,14,1212,3,qpso,raw,165.7463,160.7206,3.127,0.35
A,14,1212,3,qpso,finished,162.7472,160.7206,1.261,0.35
A,14,1212,3,pso,raw,165.7463,160.7206,3.127,0.3
A,14,1212,3,pso,finished,162.7472,160.7206,1.261,0.3
A,14,1212,3,ga,raw,166.4936,160.7206,3.592,1.66
A,14,1212,3,ga,finished,162.7472,160.7206,1.261,1.66
A,14,1212,3,qpso cold,raw,163.6945,160.7206,1.8504,0.36
A,14,1212,3,qpso cold,finished,160.8885,160.7206,0.1045,0.36
A,14,1212,3,nearest neighbour,raw,176.1779,160.7206,9.6175,0.01
A,14,1212,3,nearest neighbour,finished,162.7472,160.7206,1.261,0.01
A,14,1212,3,route search 3 s,finished,160.7206,160.7206,0.0,1.87
A,14,1213,3,qpso,raw,87.6116,87.6116,0.0,0.39
A,14,1213,3,qpso,finished,87.6116,87.6116,0.0,0.39
A,14,1213,3,pso,raw,98.7229,87.6116,12.6824,0.31
A,14,1213,3,pso,finished,95.1836,87.6116,8.6427,0.31
A,14,1213,3,ga,raw,98.7229,87.6116,12.6824,1.6
A,14,1213,3,ga,finished,95.1836,87.6116,8.6427,1.6
A,14,1213,3,qpso cold,raw,87.6116,87.6116,0.0,0.38
A,14,1213,3,qpso cold,finished,87.6116,87.6116,0.0,0.38
A,14,1213,3,nearest neighbour,raw,101.4545,87.6116,15.8003,0.01
A,14,1213,3,nearest neighbour,finished,95.1836,87.6116,8.6427,0.01
A,14,1213,3,route search 3 s,finished,87.6116,87.6116,0.0,1.46
A,14,1214,3,qpso,raw,90.7333,81.5486,11.2628,0.4
A,14,1214,3,qpso,finished,81.7981,81.5486,0.3059,0.4
A,14,1214,3,pso,raw,91.1286,81.5486,11.7475,0.3
A,14,1214,3,pso,finished,81.7981,81.5486,0.3059,0.3
A,14,1214,3,ga,raw,89.7825,81.5486,10.0969,1.73
A,14,1214,3,ga,finished,89.7825,81.5486,10.0969,1.73
A,14,1214,3,qpso cold,raw,85.0471,81.5486,4.29,0.38
A,14,1214,3,qpso cold,finished,82.723,81.5486,1.4401,0.38
A,14,1214,3,nearest neighbour,raw,141.911,81.5486,74.0201,0.01
A,14,1214,3,nearest neighbour,finished,91.1978,81.5486,11.8325,0.01
A,14,1214,3,route search 3 s,finished,81.5486,81.5486,-0.0,1.91
A,14,1215,2,qpso,raw,111.2397,96.759,14.9658,0.33
A,14,1215,2,qpso,finished,104.7359,96.759,8.2442,0.33
A,14,1215,2,pso,raw,98.363,96.759,1.6577,0.33
A,14,1215,2,pso,finished,96.759,96.759,-0.0,0.33
A,14,1215,2,ga,raw,112.7914,96.759,16.5695,1.58
A,14,1215,2,ga,finished,108.9031,96.759,12.551,1.58
A,14,1215,2,qpso cold,raw,100.3078,96.759,3.6677,0.34
A,14,1215,2,qpso cold,finished,96.759,96.759,-0.0,0.34
A,14,1215,2,nearest neighbour,raw,137.5143,96.759,42.1204,0.01
A,14,1215,2,nearest neighbour,finished,104.7359,96.759,8.2442,0.01
A,14,1215,2,route search 3 s,finished,96.759,96.759,0.0,1.53
A,14,1216,3,qpso,raw,129.8047,120.8937,7.3709,0.4
A,14,1216,3,qpso,finished,126.8862,120.8937,4.9568,0.4
A,14,1216,3,pso,raw,130.792,120.8937,8.1876,0.3
A,14,1216,3,pso,finished,126.9616,120.8937,5.0191,0.3
A,14,1216,3,ga,raw,130.2881,120.8937,7.7708,1.56
A,14,1216,3,ga,finished,120.8937,120.8937,0.0,1.56
A,14,1216,3,qpso cold,raw,123.6944,120.8937,2.3167,0.65
A,14,1216,3,qpso cold,finished,120.8937,120.8937,0.0,0.65
A,14,1216,3,nearest neighbour,raw,131.6009,120.8937,8.8567,0.06
A,14,1216,3,nearest neighbour,finished,120.8937,120.8937,0.0,0.06
A,14,1216,3,route search 3 s,finished,120.8937,120.8937,0.0,3.06
A,14,1217,3,qpso,raw,115.1135,107.7832,6.801,0.36
A,14,1217,3,qpso,finished,108.1679,107.7832,0.3569,0.36
A,14,1217,3,pso,raw,108.1679,107.7832,0.3569,0.33
A,14,1217,3,pso,finished,108.1679,107.7832,0.3569,0.33
A,14,1217,3,ga,raw,115.1135,107.7832,6.801,5.27
A,14,1217,3,ga,finished,108.1679,107.7832,0.3569,5.27
A,14,1217,3,qpso cold,raw,118.8419,107.7832,10.2601,0.4
A,14,1217,3,qpso cold,finished,109.4608,107.7832,1.5565,0.4
A,14,1217,3,nearest neighbour,raw,126.5878,107.7832,17.4467,0.01
A,14,1217,3,nearest neighbour,finished,108.1679,107.7832,0.3569,0.01
A,14,1217,3,route search 3 s,finished,107.7832,107.7832,0.0,1.48
A,14,1218,3,qpso,raw,119.0758,104.8065,13.6149,0.35
A,14,1218,3,qpso,finished,116.0295,104.8065,10.7083,0.35
A,14,1218,3,pso,raw,116.4268,104.8065,11.0873,0.32
A,14,1218,3,pso,finished,107.3549,104.8065,2.4315,0.32
A,14,1218,3,ga,raw,112.264,104.8065,7.1154,5.25
A,14,1218,3,ga,finished,110.397,104.8065,5.3341,5.25
A,14,1218,3,qpso cold,raw,106.8415,104.8065,1.9416,0.42
A,14,1218,3,qpso cold,finished,104.8065,104.8065,-0.0,0.42
A,14,1218,3,nearest neighbour,raw,175.4109,104.8065,67.3664,0.01
A,14,1218,3,nearest neighbour,finished,120.7879,104.8065,15.2485,0.01
A,14,1218,3,route search 3 s,finished,104.8065,104.8065,0.0,1.61
A,14,1219,3,qpso,raw,77.2127,77.2127,0.0,0.35
A,14,1219,3,qpso,finished,77.2127,77.2127,0.0,0.35
A,14,1219,3,pso,raw,77.2127,77.2127,0.0,0.33
A,14,1219,3,pso,finished,77.2127,77.2127,0.0,0.33
A,14,1219,3,ga,raw,77.2127,77.2127,0.0,5.39
A,14,1219,3,ga,finished,77.2127,77.2127,0.0,5.39
A,14,1219,3,qpso cold,raw,77.5967,77.2127,0.4973,0.4
A,14,1219,3,qpso cold,finished,77.5967,77.2127,0.4973,0.4
A,14,1219,3,nearest neighbour,raw,82.0543,77.2127,6.2705,0.01
A,14,1219,3,nearest neighbour,finished,77.2127,77.2127,0.0,0.01
A,14,1219,3,route search 3 s,finished,77.2127,77.2127,0.0,1.76
A,14,1220,3,qpso,raw,97.3361,95.9975,1.3944,0.36
A,14,1220,3,qpso,finished,96.185,95.9975,0.1953,0.36
A,14,1220,3,pso,raw,96.185,95.9975,0.1953,0.33
A,14,1220,3,pso,finished,96.185,95.9975,0.1953,0.33
A,14,1220,3,ga,raw,99.9041,95.9975,4.0694,1.63
A,14,1220,3,ga,finished,96.185,95.9975,0.1953,1.63
A,14,1220,3,qpso cold,raw,102.7047,95.9975,6.9868,0.36
A,14,1220,3,qpso cold,finished,96.185,95.9975,0.1953,0.36
A,14,1220,3,nearest neighbour,raw,108.5737,95.9975,13.1005,0.01
A,14,1220,3,nearest neighbour,finished,96.185,95.9975,0.1953,0.01
A,14,1220,3,route search 3 s,finished,95.9975,95.9975,0.0,1.43
A,14,1221,3,qpso,raw,105.6227,96.7947,9.1204,0.37
A,14,1221,3,qpso,finished,96.7947,96.7947,0.0,0.37
A,14,1221,3,pso,raw,110.4742,96.7947,14.1325,0.32
A,14,1221,3,pso,finished,110.4742,96.7947,14.1325,0.32
A,14,1221,3,ga,raw,97.9162,96.7947,1.1587,1.6
A,14,1221,3,ga,finished,96.7947,96.7947,0.0,1.6
A,14,1221,3,qpso cold,raw,104.6692,96.7947,8.1353,0.37
A,14,1221,3,qpso cold,finished,96.7947,96.7947,0.0,0.37
A,14,1221,3,nearest neighbour,raw,130.3786,96.7947,34.696,0.01
A,14,1221,3,nearest neighbour,finished,96.7947,96.7947,0.0,0.01
A,14,1221,3,route search 3 s,finished,96.7947,96.7947,0.0,3.03
A,14,1222,3,qpso,raw,85.0748,83.7712,1.5562,0.35
A,14,1222,3,qpso,finished,85.0748,83.7712,1.5562,0.35
A,14,1222,3,pso,raw,85.0748,83.7712,1.5562,0.28
A,14,1222,3,pso,finished,85.0748,83.7712,1.5562,0.28
A,14,1222,3,ga,raw,85.0748,83.7712,1.5562,3.27
A,14,1222,3,ga,finished,85.0748,83.7712,1.5562,3.27
A,14,1222,3,qpso cold,raw,85.5376,83.7712,2.1086,2.28
A,14,1222,3,qpso cold,finished,85.5376,83.7712,2.1086,2.28
A,14,1222,3,nearest neighbour,raw,90.1731,83.7712,7.6421,0.01
A,14,1222,3,nearest neighbour,finished,83.8066,83.7712,0.0422,0.01
A,14,1222,3,route search 3 s,finished,83.7712,83.7712,0.0,1.72
A,14,1223,3,qpso,raw,94.1497,88.02,6.964,0.4
A,14,1223,3,qpso,finished,94.1497,88.02,6.964,0.4
A,14,1223,3,pso,raw,117.6597,88.02,33.6739,0.35
A,14,1223,3,pso,finished,88.02,88.02,-0.0,0.35
A,14,1223,3,ga,raw,97.1902,88.02,10.4183,5.3
A,14,1223,3,ga,finished,92.0676,88.02,4.5985,5.3
A,14,1223,3,qpso cold,raw,92.5631,88.02,5.1615,0.43
A,14,1223,3,qpso cold,finished,92.5631,88.02,5.1615,0.43
A,14,1223,3,nearest neighbour,raw,131.6054,88.02,49.5177,0.01
A,14,1223,3,nearest neighbour,finished,88.02,88.02,-0.0,0.01
A,14,1223,3,route search 3 s,finished,88.02,88.02,-0.0,2.19
A,14,1224,3,qpso,raw,140.039,134.295,4.2772,3.34
A,14,1224,3,qpso,finished,134.4751,134.295,0.1341,3.34
A,14,1224,3,pso,raw,137.1772,134.295,2.1462,0.33
A,14,1224,3,pso,finished,136.629,134.295,1.7379,0.33
A,14,1224,3,ga,raw,134.4751,134.295,0.1341,1.67
A,14,1224,3,ga,finished,134.4751,134.295,0.1341,1.67
A,14,1224,3,qpso cold,raw,142.3741,134.295,6.0159,0.37
A,14,1224,3,qpso cold,finished,139.9217,134.295,4.1898,0.37
A,14,1224,3,nearest neighbour,raw,169.1022,134.295,25.9184,0.01
A,14,1224,3,nearest neighbour,finished,134.4751,134.295,0.1341,0.01
A,14,1224,3,route search 3 s,finished,134.295,134.295,0.0,1.77
A,14,1225,4,qpso,raw,116.2669,111.6112,4.1714,0.37
A,14,1225,4,qpso,finished,115.0467,111.6112,3.0781,0.37
A,14,1225,4,pso,raw,116.4538,111.6112,4.3388,0.33
A,14,1225,4,pso,finished,115.8254,111.6112,3.7758,0.33
A,14,1225,4,ga,raw,112.1318,111.6112,0.4664,1.63
A,14,1225,4,ga,finished,111.6112,111.6112,0.0,1.63
A,14,1225,4,qpso cold,raw,115.231,111.6112,3.2433,0.4
A,14,1225,4,qpso cold,finished,115.231,111.6112,3.2433,0.4
A,14,1225,4,nearest neighbour,raw,134.0506,111.6112,20.105,0.01
A,14,1225,4,nearest neighbour,finished,116.5628,111.6112,4.4365,0.01
A,14,1225,4,route search 3 s,finished,111.6112,111.6112,0.0,1.55
A,14,1226,3,qpso,raw,147.0048,131.7989,11.5371,0.34
A,14,1226,3,qpso,finished,134.8431,131.7989,2.3097,0.34
A,14,1226,3,pso,raw,147.0048,131.7989,11.5371,0.31
A,14,1226,3,pso,finished,134.8431,131.7989,2.3097,0.31
A,14,1226,3,ga,raw,136.0985,131.7989,3.2622,1.63
A,14,1226,3,ga,finished,136.0985,131.7989,3.2622,1.63
A,14,1226,3,qpso cold,raw,132.8639,131.7989,0.8081,0.36
A,14,1226,3,qpso cold,finished,132.8639,131.7989,0.8081,0.36
A,14,1226,3,nearest neighbour,raw,165.6547,131.7989,25.6874,0.01
A,14,1226,3,nearest neighbour,finished,133.7163,131.7989,1.4548,0.01
A,14,1226,3,route search 3 s,finished,131.7989,131.7989,0.0,3.01
A,14,1227,3,qpso,raw,111.0262,96.065,15.574,0.38
A,14,1227,3,qpso,finished,97.1152,96.065,1.0931,0.38
A,14,1227,3,pso,raw,111.0262,96.065,15.574,0.31
A,14,1227,3,pso,finished,97.1152,96.065,1.0931,0.31
A,14,1227,3,ga,raw,111.1414,96.065,15.6939,3.69
A,14,1227,3,ga,finished,97.929,96.065,1.9403,3.69
A,14,1227,3,qpso cold,raw,100.2919,96.065,4.4,0.35
A,14,1227,3,qpso cold,finished,97.1152,96.065,1.0931,0.35
A,14,1227,3,nearest neighbour,raw,117.3312,96.065,22.1372,0.01
A,14,1227,3,nearest neighbour,finished,97.929,96.065,1.9403,0.01
A,14,1227,3,route search 3 s,finished,96.065,96.065,0.0,1.62
A,14,1228,2,qpso,raw,109.1013,95.556,14.1753,0.38
A,14,1228,2,qpso,finished,102.2036,95.556,6.9568,0.38
A,14,1228,2,pso,raw,110.3627,95.556,15.4954,0.31
A,14,1228,2,pso,finished,102.648,95.556,7.4218,0.31
A,14,1228,2,ga,raw,108.0709,95.556,13.097,3.63
A,14,1228,2,ga,finished,105.1764,95.556,10.0678,3.63
A,14,1228,2,qpso cold,raw,105.7692,95.556,10.6882,0.32
A,14,1228,2,qpso cold,finished,105.148,95.556,10.0381,0.32
A,14,1228,2,nearest neighbour,raw,140.8547,95.556,47.4054,0.01
A,14,1228,2,nearest neighbour,finished,106.9763,95.556,11.9514,0.01
A,14,1228,2,route search 3 s,finished,95.556,95.556,0.0,2.21
A,14,1229,3,qpso,raw,90.8775,79.6213,14.1373,0.42
A,14,1229,3,qpso,finished,83.6979,79.6213,5.12,0.42
A,14,1229,3,pso,raw,90.8775,79.6213,14.1373,0.31
A,14,1229,3,pso,finished,83.6979,79.6213,5.12,0.31
A,14,1229,3,ga,raw,90.8775,79.6213,14.1373,1.65
A,14,1229,3,ga,finished,83.6979,79.6213,5.12,1.65
A,14,1229,3,qpso cold,raw,89.2976,79.6213,12.153,0.37
A,14,1229,3,qpso cold,finished,83.2228,79.6213,4.5234,0.37
A,14,1229,3,nearest neighbour,raw,111.0776,79.6213,39.5075,0.01
A,14,1229,3,nearest neighbour,finished,85.4763,79.6213,7.3536,0.01
A,14,1229,3,route search 3 s,finished,79.6213,79.6213,0.0,1.59
B,12,1200,1,qpso cold,raw,71.8322,71.8322,0.0,0.25
B,12,1200,1,qpso cold,finished,71.8322,71.8322,0.0,0.25
B,12,1200,1,pso cold,raw,76.6536,71.8322,6.7121,0.19
B,12,1200,1,pso cold,finished,76.6536,71.8322,6.7121,0.19
B,12,1200,1,ga cold,raw,80.4288,71.8322,11.9676,1.53
B,12,1200,1,ga cold,finished,71.8322,71.8322,0.0,1.53
B,12,1200,1,qpso warm,raw,71.8322,71.8322,0.0,0.23
B,12,1200,1,qpso warm,finished,71.8322,71.8322,0.0,0.23
B,12,1200,1,route search 3 s,finished,71.8322,71.8322,0.0,1.16
B,12,1201,1,qpso cold,raw,67.1244,57.9366,15.8583,0.22
B,12,1201,1,qpso cold,finished,63.1262,57.9366,8.9573,0.22
B,12,1201,1,pso cold,raw,70.7117,57.9366,22.0502,0.18
B,12,1201,1,pso cold,finished,57.9366,57.9366,0.0,0.18
B,12,1201,1,ga cold,raw,57.9366,57.9366,0.0,1.37
B,12,1201,1,ga cold,finished,57.9366,57.9366,0.0,1.37
B,12,1201,1,qpso warm,raw,57.9366,57.9366,0.0,0.24
B,12,1201,1,qpso warm,finished,57.9366,57.9366,0.0,0.24
B,12,1201,1,route search 3 s,finished,57.9366,57.9366,0.0,1.1
B,12,1202,1,qpso cold,raw,90.5367,84.4348,7.2268,0.22
B,12,1202,1,qpso cold,finished,90.1938,84.4348,6.8206,0.22
B,12,1202,1,pso cold,raw,94.4063,84.4348,11.8097,0.18
B,12,1202,1,pso cold,finished,86.3775,84.4348,2.3008,0.18
B,12,1202,1,ga cold,raw,91.2972,84.4348,8.1275,1.36
B,12,1202,1,ga cold,finished,84.4348,84.4348,0.0,1.36
B,12,1202,1,qpso warm,raw,84.4348,84.4348,0.0,0.25
B,12,1202,1,qpso warm,finished,84.4348,84.4348,0.0,0.25
B,12,1202,1,route search 3 s,finished,84.4348,84.4348,0.0,1.11
B,12,1203,1,qpso cold,raw,56.1978,56.1978,0.0,0.22
B,12,1203,1,qpso cold,finished,56.1978,56.1978,0.0,0.22
B,12,1203,1,pso cold,raw,56.1978,56.1978,0.0,0.21
B,12,1203,1,pso cold,finished,56.1978,56.1978,0.0,0.21
B,12,1203,1,ga cold,raw,56.7841,56.1978,1.0432,1.35
B,12,1203,1,ga cold,finished,56.7841,56.1978,1.0432,1.35
B,12,1203,1,qpso warm,raw,57.4891,56.1978,2.2977,0.28
B,12,1203,1,qpso warm,finished,57.4891,56.1978,2.2977,0.28
B,12,1203,1,route search 3 s,finished,56.1978,56.1978,0.0,1.47
B,12,1204,1,qpso cold,raw,69.1866,67.4662,2.55,0.22
B,12,1204,1,qpso cold,finished,67.4662,67.4662,0.0,0.22
B,12,1204,1,pso cold,raw,72.6335,67.4662,7.6591,0.19
B,12,1204,1,pso cold,finished,67.4662,67.4662,0.0,0.19
B,12,1204,1,ga cold,raw,84.3324,67.4662,24.9994,1.41
B,12,1204,1,ga cold,finished,71.051,67.4662,5.3134,1.41
B,12,1204,1,qpso warm,raw,70.2449,67.4662,4.1186,0.22
B,12,1204,1,qpso warm,finished,70.2449,67.4662,4.1186,0.22
B,12,1204,1,route search 3 s,finished,67.4662,67.4662,0.0,1.26
B,12,1205,1,qpso cold,raw,69.5396,67.7164,2.6925,0.25
B,12,1205,1,qpso cold,finished,69.5396,67.7164,2.6925,0.25
B,12,1205,1,pso cold,raw,78.5743,67.7164,16.0344,0.18
B,12,1205,1,pso cold,finished,73.5179,67.7164,8.5674,0.18
B,12,1205,1,ga cold,raw,71.4894,67.7164,5.5718,1.48
B,12,1205,1,ga cold,finished,71.4894,67.7164,5.5718,1.48
B,12,1205,1,qpso warm,raw,69.5396,67.7164,2.6925,0.22
B,12,1205,1,qpso warm,finished,69.5396,67.7164,2.6925,0.22
B,12,1205,1,route search 3 s,finished,67.7164,67.7164,0.0,1.54
B,12,1206,1,qpso cold,raw,69.76,69.1802,0.8382,0.22
B,12,1206,1,qpso cold,finished,69.76,69.1802,0.8382,0.22
B,12,1206,1,pso cold,raw,80.8354,69.1802,16.8475,0.19
B,12,1206,1,pso cold,finished,69.1802,69.1802,0.0,0.19
B,12,1206,1,ga cold,raw,69.76,69.1802,0.8382,1.41
B,12,1206,1,ga cold,finished,69.76,69.1802,0.8382,1.41
B,12,1206,1,qpso warm,raw,69.1802,69.1802,0.0,0.23
B,12,1206,1,qpso warm,finished,69.1802,69.1802,0.0,0.23
B,12,1206,1,route search 3 s,finished,69.1802,69.1802,0.0,1.59
B,12,1207,1,qpso cold,raw,107.8007,95.1115,13.3414,0.21
B,12,1207,1,qpso cold,finished,105.3353,95.1115,10.7493,0.21
B,12,1207,1,pso cold,raw,104.1192,95.1115,9.4707,0.19
B,12,1207,1,pso cold,finished,99.3387,95.1115,4.4445,0.19
B,12,1207,1,ga cold,raw,97.8818,95.1115,2.9127,1.47
B,12,1207,1,ga cold,finished,97.8818,95.1115,2.9127,1.47
B,12,1207,1,qpso warm,raw,97.4556,95.1115,2.4646,0.23
B,12,1207,1,qpso warm,finished,97.4556,95.1115,2.4646,0.23
B,12,1207,1,route search 3 s,finished,95.1115,95.1115,0.0,1.37
B,12,1208,1,qpso cold,raw,72.2389,72.2389,0.0,0.23
B,12,1208,1,qpso cold,finished,72.2389,72.2389,0.0,0.23
B,12,1208,1,pso cold,raw,78.5857,72.2389,8.7859,0.2
B,12,1208,1,pso cold,finished,72.2389,72.2389,0.0,0.2
B,12,1208,1,ga cold,raw,79.1886,72.2389,9.6205,1.38
B,12,1208,1,ga cold,finished,78.482,72.2389,8.6424,1.38
B,12,1208,1,qpso warm,raw,72.2389,72.2389,0.0,0.23
B,12,1208,1,qpso warm,finished,72.2389,72.2389,0.0,0.23
B,12,1208,1,route search 3 s,finished,72.2389,72.2389,0.0,1.29
B,12,1209,1,qpso cold,raw,67.9302,63.0602,7.7229,0.23
B,12,1209,1,qpso cold,finished,63.4357,63.0602,0.5955,0.23
B,12,1209,1,pso cold,raw,73.6806,63.0602,16.8417,0.2
B,12,1209,1,pso cold,finished,63.4357,63.0602,0.5955,0.2
B,12,1209,1,ga cold,raw,63.0602,63.0602,0.0,1.47
B,12,1209,1,ga cold,finished,63.0602,63.0602,0.0,1.47
B,12,1209,1,qpso warm,raw,64.0568,63.0602,1.5804,0.24
B,12,1209,1,qpso warm,finished,64.0568,63.0602,1.5804,0.24
B,12,1209,1,route search 3 s,finished,63.0602,63.0602,0.0,1.38
B,12,1210,1,qpso cold,raw,62.1582,61.2078,1.5528,0.26
B,12,1210,1,qpso cold,finished,62.1582,61.2078,1.5528,0.26
B,12,1210,1,pso cold,raw,67.4662,61.2078,10.2248,0.2
B,12,1210,1,pso cold,finished,63.1255,61.2078,3.1332,0.2
B,12,1210,1,ga cold,raw,66.4441,61.2078,8.5549,1.43
B,12,1210,1,ga cold,finished,66.4441,61.2078,8.5549,1.43
B,12,1210,1,qpso warm,raw,61.2078,61.2078,0.0,0.22
B,12,1210,1,qpso warm,finished,61.2078,61.2078,0.0,0.22
B,12,1210,1,route search 3 s,finished,61.2078,61.2078,0.0,1.15
B,12,1211,1,qpso cold,raw,69.2006,56.0432,23.4773,0.23
B,12,1211,1,qpso cold,finished,56.0432,56.0432,0.0,0.23
B,12,1211,1,pso cold,raw,66.1863,56.0432,18.0988,0.19
B,12,1211,1,pso cold,finished,56.0432,56.0432,0.0,0.19
B,12,1211,1,ga cold,raw,70.6663,56.0432,26.0926,1.42
B,12,1211,1,ga cold,finished,56.0432,56.0432,0.0,1.42
B,12,1211,1,qpso warm,raw,56.0432,56.0432,0.0,0.24
B,12,1211,1,qpso warm,finished,56.0432,56.0432,0.0,0.24
B,12,1211,1,route search 3 s,finished,56.0432,56.0432,0.0,1.17
B,12,1212,1,qpso cold,raw,82.8823,82.8823,0.0,0.23
B,12,1212,1,qpso cold,finished,82.8823,82.8823,0.0,0.23
B,12,1212,1,pso cold,raw,88.5716,82.8823,6.8643,0.19
B,12,1212,1,pso cold,finished,83.7521,82.8823,1.0493,0.19
B,12,1212,1,ga cold,raw,82.8823,82.8823,0.0,1.45
B,12,1212,1,ga cold,finished,82.8823,82.8823,0.0,1.45
B,12,1212,1,qpso warm,raw,82.8823,82.8823,0.0,0.23
B,12,1212,1,qpso warm,finished,82.8823,82.8823,0.0,0.23
B,12,1212,1,route search 3 s,finished,82.8823,82.8823,0.0,1.36
B,12,1213,1,qpso cold,raw,76.2551,66.5616,14.5633,0.27
B,12,1213,1,qpso cold,finished,66.5616,66.5616,0.0,0.27
B,12,1213,1,pso cold,raw,79.593,66.5616,19.5781,0.2
B,12,1213,1,pso cold,finished,69.8255,66.5616,4.9037,0.2
B,12,1213,1,ga cold,raw,66.5616,66.5616,0.0,1.53
B,12,1213,1,ga cold,finished,66.5616,66.5616,0.0,1.53
B,12,1213,1,qpso warm,raw,66.5616,66.5616,0.0,0.22
B,12,1213,1,qpso warm,finished,66.5616,66.5616,0.0,0.22
B,12,1213,1,route search 3 s,finished,66.5616,66.5616,0.0,1.16
B,12,1214,1,qpso cold,raw,59.2871,55.4822,6.8579,0.27
B,12,1214,1,qpso cold,finished,59.2871,55.4822,6.8579,0.27
B,12,1214,1,pso cold,raw,61.0735,55.4822,10.0778,0.2
B,12,1214,1,pso cold,finished,56.5382,55.4822,1.9033,0.2
B,12,1214,1,ga cold,raw,55.4822,55.4822,0.0,1.44
B,12,1214,1,ga cold,finished,55.4822,55.4822,0.0,1.44
B,12,1214,1,qpso warm,raw,55.4822,55.4822,0.0,0.22
B,12,1214,1,qpso warm,finished,55.4822,55.4822,0.0,0.22
B,12,1214,1,route search 3 s,finished,55.4822,55.4822,0.0,1.2
B,12,1215,1,qpso cold,raw,73.7008,73.7008,0.0,0.28
B,12,1215,1,qpso cold,finished,73.7008,73.7008,0.0,0.28
B,12,1215,1,pso cold,raw,81.1654,73.7008,10.1282,0.21
B,12,1215,1,pso cold,finished,79.2722,73.7008,7.5594,0.21
B,12,1215,1,ga cold,raw,78.9414,73.7008,7.1106,1.38
B,12,1215,1,ga cold,finished,73.7008,73.7008,0.0,1.38
B,12,1215,1,qpso warm,raw,77.6697,73.7008,5.3851,0.24
B,12,1215,1,qpso warm,finished,77.6697,73.7008,5.3851,0.24
B,12,1215,1,route search 3 s,finished,73.7008,73.7008,0.0,1.15
B,12,1216,1,qpso cold,raw,89.7121,89.7121,0.0,0.21
B,12,1216,1,qpso cold,finished,89.7121,89.7121,0.0,0.21
B,12,1216,1,pso cold,raw,108.5726,89.7121,21.0234,0.19
B,12,1216,1,pso cold,finished,90.1134,89.7121,0.4473,0.19
B,12,1216,1,ga cold,raw,93.2119,89.7121,3.9011,1.39
B,12,1216,1,ga cold,finished,89.7121,89.7121,0.0,1.39
B,12,1216,1,qpso warm,raw,90.1134,89.7121,0.4473,0.25
B,12,1216,1,qpso warm,finished,90.1134,89.7121,0.4473,0.25
B,12,1216,1,route search 3 s,finished,89.7121,89.7121,0.0,1.3
B,12,1217,1,qpso cold,raw,74.0561,71.6348,3.3801,0.21
B,12,1217,1,qpso cold,finished,74.0561,71.6348,3.3801,0.21
B,12,1217,1,pso cold,raw,74.0561,71.6348,3.3801,0.18
B,12,1217,1,pso cold,finished,74.0561,71.6348,3.3801,0.18
B,12,1217,1,ga cold,raw,73.0971,71.6348,2.0414,1.45
B,12,1217,1,ga cold,finished,71.6348,71.6348,0.0,1.45
B,12,1217,1,qpso warm,raw,71.9584,71.6348,0.4518,0.28
B,12,1217,1,qpso warm,finished,71.9584,71.6348,0.4518,0.28
B,12,1217,1,route search 3 s,finished,71.6348,71.6348,0.0,1.39
B,12,1218,1,qpso cold,raw,83.1018,83.1018,0.0,0.22
B,12,1218,1,qpso cold,finished,83.1018,83.1018,0.0,0.22
B,12,1218,1,pso cold,raw,100.6569,83.1018,21.1248,0.2
B,12,1218,1,pso cold,finished,87.1876,83.1018,4.9167,0.2
B,12,1218,1,ga cold,raw,91.6606,83.1018,10.2992,1.5
B,12,1218,1,ga cold,finished,85.6504,83.1018,3.0668,1.5
B,12,1218,1,qpso warm,raw,83.1018,83.1018,0.0,0.22
B,12,1218,1,qpso warm,finished,83.1018,83.1018,0.0,0.22
B,12,1218,1,route search 3 s,finished,83.1018,83.1018,0.0,1.21
B,12,1219,1,qpso cold,raw,56.6569,53.5528,5.7962,0.22
B,12,1219,1,qpso cold,finished,56.6569,53.5528,5.7962,0.22
B,12,1219,1,pso cold,raw,56.6569,53.5528,5.7962,0.18
B,12,1219,1,pso cold,finished,56.6569,53.5528,5.7962,0.18
B,12,1219,1,ga cold,raw,66.7643,53.5528,24.6699,1.47
B,12,1219,1,ga cold,finished,53.5528,53.5528,0.0,1.47
B,12,1219,1,qpso warm,raw,53.5528,53.5528,0.0,0.25
B,12,1219,1,qpso warm,finished,53.5528,53.5528,0.0,0.25
B,12,1219,1,route search 3 s,finished,53.5528,53.5528,0.0,1.39
B,12,1220,1,qpso cold,raw,68.7251,68.7251,0.0,0.25
B,12,1220,1,qpso cold,finished,68.7251,68.7251,0.0,0.25
B,12,1220,1,pso cold,raw,70.1385,68.7251,2.0567,0.19
B,12,1220,1,pso cold,finished,70.1385,68.7251,2.0567,0.19
B,12,1220,1,ga cold,raw,80.1038,68.7251,16.5568,1.37
B,12,1220,1,ga cold,finished,70.0787,68.7251,1.9696,1.37
B,12,1220,1,qpso warm,raw,68.7251,68.7251,0.0,0.22
B,12,1220,1,qpso warm,finished,68.7251,68.7251,0.0,0.22
B,12,1220,1,route search 3 s,finished,68.7251,68.7251,0.0,1.17
B,12,1221,1,qpso cold,raw,73.5356,71.1577,3.3418,0.23
B,12,1221,1,qpso cold,finished,71.1577,71.1577,0.0,0.23
B,12,1221,1,pso cold,raw,82.6731,71.1577,16.183,0.18
B,12,1221,1,pso cold,finished,71.1577,71.1577,0.0,0.18
B,12,1221,1,ga cold,raw,76.2139,71.1577,7.1057,1.44
B,12,1221,1,ga cold,finished,71.1577,71.1577,0.0,1.44
B,12,1221,1,qpso warm,raw,71.1577,71.1577,0.0,0.27
B,12,1221,1,qpso warm,finished,71.1577,71.1577,0.0,0.27
B,12,1221,1,route search 3 s,finished,71.1577,71.1577,0.0,1.11
B,12,1222,1,qpso cold,raw,58.1192,55.2075,5.2741,0.23
B,12,1222,1,qpso cold,finished,58.1192,55.2075,5.2741,0.23
B,12,1222,1,pso cold,raw,62.6997,55.2075,13.571,0.2
B,12,1222,1,pso cold,finished,59.5979,55.2075,7.9526,0.2
B,12,1222,1,ga cold,raw,55.2075,55.2075,0.0,1.35
B,12,1222,1,ga cold,finished,55.2075,55.2075,0.0,1.35
B,12,1222,1,qpso warm,raw,58.1192,55.2075,5.2741,0.21
B,12,1222,1,qpso warm,finished,58.1192,55.2075,5.2741,0.21
B,12,1222,1,route search 3 s,finished,55.2075,55.2075,0.0,1.22
B,12,1223,1,qpso cold,raw,66.3812,63.0496,5.284,0.22
B,12,1223,1,qpso cold,finished,63.0496,63.0496,0.0,0.22
B,12,1223,1,pso cold,raw,67.3573,63.0496,6.8321,0.18
B,12,1223,1,pso cold,finished,67.3573,63.0496,6.8321,0.18
B,12,1223,1,ga cold,raw,69.3284,63.0496,9.9584,1.37
B,12,1223,1,ga cold,finished,63.0496,63.0496,0.0,1.37
B,12,1223,1,qpso warm,raw,69.1237,63.0496,9.6337,0.23
B,12,1223,1,qpso warm,finished,63.0496,63.0496,0.0,0.23
B,12,1223,1,route search 3 s,finished,63.0496,63.0496,0.0,1.29
B,12,1224,1,qpso cold,raw,78.1658,74.1499,5.416,0.25
B,12,1224,1,qpso cold,finished,74.1499,74.1499,0.0,0.25
B,12,1224,1,pso cold,raw,92.6674,74.1499,24.9731,0.2
B,12,1224,1,pso cold,finished,74.1499,74.1499,0.0,0.2
B,12,1224,1,ga cold,raw,80.3498,74.1499,8.3613,1.4
B,12,1224,1,ga cold,finished,74.1499,74.1499,0.0,1.4
B,12,1224,1,qpso warm,raw,74.1499,74.1499,0.0,0.22
B,12,1224,1,qpso warm,finished,74.1499,74.1499,0.0,0.22
B,12,1224,1,route search 3 s,finished,74.1499,74.1499,0.0,1.25
B,12,1225,1,qpso cold,raw,74.8119,74.8119,0.0,0.22
B,12,1225,1,qpso cold,finished,74.8119,74.8119,0.0,0.22
B,12,1225,1,pso cold,raw,87.9686,74.8119,17.5864,0.18
B,12,1225,1,pso cold,finished,76.7952,74.8119,2.651,0.18
B,12,1225,1,ga cold,raw,83.0426,74.8119,11.0019,1.5
B,12,1225,1,ga cold,finished,76.7952,74.8119,2.651,1.5
B,12,1225,1,qpso warm,raw,74.8119,74.8119,0.0,0.25
B,12,1225,1,qpso warm,finished,74.8119,74.8119,0.0,0.25
B,12,1225,1,route search 3 s,finished,74.8119,74.8119,0.0,1.1
B,12,1226,1,qpso cold,raw,99.3925,99.1258,0.2691,0.25
B,12,1226,1,qpso cold,finished,99.3925,99.1258,0.2691,0.25
B,12,1226,1,pso cold,raw,101.7269,99.1258,2.624,0.23
B,12,1226,1,pso cold,finished,101.7269,99.1258,2.624,0.23
B,12,1226,1,ga cold,raw,100.1211,99.1258,1.0041,1.35
B,12,1226,1,ga cold,finished,100.1211,99.1258,1.0041,1.35
B,12,1226,1,qpso warm,raw,99.1258,99.1258,0.0,0.24
B,12,1226,1,qpso warm,finished,99.1258,99.1258,0.0,0.24
B,12,1226,1,route search 3 s,finished,99.1258,99.1258,0.0,1.27
B,12,1227,1,qpso cold,raw,77.449,68.1655,13.6191,0.22
B,12,1227,1,qpso cold,finished,68.1655,68.1655,0.0,0.22
B,12,1227,1,pso cold,raw,77.2048,68.1655,13.2608,0.21
B,12,1227,1,pso cold,finished,72.6636,68.1655,6.5988,0.21
B,12,1227,1,ga cold,raw,75.5547,68.1655,10.8401,1.37
B,12,1227,1,ga cold,finished,75.5547,68.1655,10.8401,1.37
B,12,1227,1,qpso warm,raw,72.153,68.1655,5.8497,0.21
B,12,1227,1,qpso warm,finished,72.153,68.1655,5.8497,0.21
B,12,1227,1,route search 3 s,finished,68.1655,68.1655,0.0,1.3
B,12,1228,1,qpso cold,raw,75.4748,75.4748,0.0,0.23
B,12,1228,1,qpso cold,finished,75.4748,75.4748,0.0,0.23
B,12,1228,1,pso cold,raw,78.6103,75.4748,4.1543,0.17
B,12,1228,1,pso cold,finished,75.4748,75.4748,0.0,0.17
B,12,1228,1,ga cold,raw,75.4748,75.4748,0.0,1.38
B,12,1228,1,ga cold,finished,75.4748,75.4748,0.0,1.38
B,12,1228,1,qpso warm,raw,75.4748,75.4748,0.0,0.25
B,12,1228,1,qpso warm,finished,75.4748,75.4748,0.0,0.25
B,12,1228,1,route search 3 s,finished,75.4748,75.4748,0.0,1.25
B,12,1229,1,qpso cold,raw,57.2458,56.1466,1.9576,0.23
B,12,1229,1,qpso cold,finished,57.2458,56.1466,1.9576,0.23
B,12,1229,1,pso cold,raw,57.2458,56.1466,1.9576,0.23
B,12,1229,1,pso cold,finished,57.2458,56.1466,1.9576,0.23
B,12,1229,1,ga cold,raw,74.5559,56.1466,32.7878,1.44
B,12,1229,1,ga cold,finished,56.251,56.1466,0.1859,1.44
B,12,1229,1,qpso warm,raw,56.1466,56.1466,0.0,0.23
B,12,1229,1,qpso warm,finished,56.1466,56.1466,0.0,0.23
B,12,1229,1,route search 3 s,finished,56.1466,56.1466,0.0,1.21
B,16,1200,1,qpso cold,raw,80.1238,80.1238,0.0,0.25
B,16,1200,1,qpso cold,finished,80.1238,80.1238,0.0,0.25
B,16,1200,1,pso cold,raw,96.5945,80.1238,20.5566,0.24
B,16,1200,1,pso cold,finished,83.8433,80.1238,4.6422,0.24
B,16,1200,1,ga cold,raw,84.0895,80.1238,4.9494,1.49
B,16,1200,1,ga cold,finished,83.8433,80.1238,4.6422,1.49
B,16,1200,1,qpso warm,raw,80.1238,80.1238,0.0,0.25
B,16,1200,1,qpso warm,finished,80.1238,80.1238,0.0,0.25
B,16,1200,1,route search 3 s,finished,80.1238,80.1238,0.0,2.28
B,16,1201,1,qpso cold,raw,78.113,63.8799,22.281,0.27
B,16,1201,1,qpso cold,finished,78.113,63.8799,22.281,0.27
B,16,1201,1,pso cold,raw,93.3715,63.8799,46.1672,0.24
B,16,1201,1,pso cold,finished,63.8799,63.8799,0.0,0.24
B,16,1201,1,ga cold,raw,71.8152,63.8799,12.4222,1.42
B,16,1201,1,ga cold,finished,63.8799,63.8799,0.0,1.42
B,16,1201,1,qpso warm,raw,66.4002,63.8799,3.9453,0.3
B,16,1201,1,qpso warm,finished,63.8799,63.8799,0.0,0.3
B,16,1201,1,route search 3 s,finished,63.8799,63.8799,0.0,2.42
B,16,1202,1,qpso cold,raw,103.4521,101.5206,1.9026,0.29
B,16,1202,1,qpso cold,finished,103.2969,101.5206,1.7497,0.29
B,16,1202,1,pso cold,raw,124.6523,101.5206,22.7852,0.24
B,16,1202,1,pso cold,finished,103.3786,101.5206,1.8302,0.24
B,16,1202,1,ga cold,raw,107.1632,101.5206,5.5581,1.47
B,16,1202,1,ga cold,finished,102.6369,101.5206,1.0995,1.47
B,16,1202,1,qpso warm,raw,101.5206,101.5206,0.0,0.29
B,16,1202,1,qpso warm,finished,101.5206,101.5206,0.0,0.29
B,16,1202,1,route search 3 s,finished,101.5206,101.5206,0.0,2.72
B,16,1203,1,qpso cold,raw,68.2645,66.4522,2.7272,0.3
B,16,1203,1,qpso cold,finished,68.2645,66.4522,2.7272,0.3
B,16,1203,1,pso cold,raw,93.1228,66.4522,40.1351,0.25
B,16,1203,1,pso cold,finished,66.4522,66.4522,0.0,0.25
B,16,1203,1,ga cold,raw,76.3871,66.4522,14.9505,1.48
B,16,1203,1,ga cold,finished,66.4522,66.4522,0.0,1.48
B,16,1203,1,qpso warm,raw,71.8825,66.4522,8.1718,0.32
B,16,1203,1,qpso warm,finished,71.8825,66.4522,8.1718,0.32
B,16,1203,1,route search 3 s,finished,66.4522,66.4522,0.0,2.26
B,16,1204,1,qpso cold,raw,86.9652,69.8021,24.5883,0.29
B,16,1204,1,qpso cold,finished,86.9652,69.8021,24.5883,0.29
B,16,1204,1,pso cold,raw,90.3258,69.8021,29.4028,0.25
B,16,1204,1,pso cold,finished,71.1692,69.8021,1.9587,0.25
B,16,1204,1,ga cold,raw,73.3724,69.8021,5.115,1.47
B,16,1204,1,ga cold,finished,73.3724,69.8021,5.115,1.47
B,16,1204,1,qpso warm,raw,74.5216,69.8021,6.7613,0.28
B,16,1204,1,qpso warm,finished,74.5216,69.8021,6.7613,0.28
B,16,1204,1,route search 3 s,finished,69.8021,69.8021,0.0,2.51
B,16,1205,1,qpso cold,raw,85.7071,78.3812,9.3465,0.28
B,16,1205,1,qpso cold,finished,85.7071,78.3812,9.3465,0.28
B,16,1205,1,pso cold,raw,100.8934,78.3812,28.7215,0.26
B,16,1205,1,pso cold,finished,79.4835,78.3812,1.4064,0.26
B,16,1205,1,ga cold,raw,85.4369,78.3812,9.0018,1.49
B,16,1205,1,ga cold,finished,84.5348,78.3812,7.851,1.49
B,16,1205,1,qpso warm,raw,78.4941,78.3812,0.1441,0.26
B,16,1205,1,qpso warm,finished,78.4941,78.3812,0.1441,0.26
B,16,1205,1,route search 3 s,finished,78.3812,78.3812,0.0,3.01
B,16,1206,1,qpso cold,raw,77.5219,73.4425,5.5545,0.26
B,16,1206,1,qpso cold,finished,73.4425,73.4425,0.0,0.26
B,16,1206,1,pso cold,raw,90.5095,73.4425,23.2386,0.24
B,16,1206,1,pso cold,finished,75.8792,73.4425,3.3179,0.24
B,16,1206,1,ga cold,raw,81.8825,73.4425,11.492,1.52
B,16,1206,1,ga cold,finished,75.8792,73.4425,3.3179,1.52
B,16,1206,1,qpso warm,raw,73.4425,73.4425,0.0,0.27
B,16,1206,1,qpso warm,finished,73.4425,73.4425,0.0,0.27
B,16,1206,1,route search 3 s,finished,73.4425,73.4425,0.0,2.85
B,16,1207,1,qpso cold,raw,100.8379,95.956,5.0876,0.3
B,16,1207,1,qpso cold,finished,100.8379,95.956,5.0876,0.3
B,16,1207,1,pso cold,raw,111.9405,95.956,16.6581,0.22
B,16,1207,1,pso cold,finished,101.702,95.956,5.9881,0.22
B,16,1207,1,ga cold,raw,98.7264,95.956,2.8871,1.56
B,16,1207,1,ga cold,finished,98.7264,95.956,2.8871,1.56
B,16,1207,1,qpso warm,raw,100.8379,95.956,5.0876,0.28
B,16,1207,1,qpso warm,finished,100.8379,95.956,5.0876,0.28
B,16,1207,1,route search 3 s,finished,95.956,95.956,0.0,2.74
B,16,1208,1,qpso cold,raw,87.2079,82.8374,5.276,0.29
B,16,1208,1,qpso cold,finished,87.2079,82.8374,5.276,0.29
B,16,1208,1,pso cold,raw,95.6642,82.8374,15.4843,0.29
B,16,1208,1,pso cold,finished,82.8374,82.8374,0.0,0.29
B,16,1208,1,ga cold,raw,92.7519,82.8374,11.9686,1.44
B,16,1208,1,ga cold,finished,83.6407,82.8374,0.9698,1.44
B,16,1208,1,qpso warm,raw,86.4045,82.8374,4.3062,0.24
B,16,1208,1,qpso warm,finished,86.4045,82.8374,4.3062,0.24
B,16,1208,1,route search 3 s,finished,82.8374,82.8374,0.0,2.67
B,16,1209,1,qpso cold,raw,70.6833,70.1872,0.7068,0.28
B,16,1209,1,qpso cold,finished,70.6833,70.1872,0.7068,0.28
B,16,1209,1,pso cold,raw,121.5245,70.1872,73.1433,0.24
B,16,1209,1,pso cold,finished,71.0654,70.1872,1.2512,0.24
B,16,1209,1,ga cold,raw,75.5282,70.1872,7.6096,1.42
B,16,1209,1,ga cold,finished,75.5282,70.1872,7.6096,1.42
B,16,1209,1,qpso warm,raw,70.5463,70.1872,0.5116,0.27
B,16,1209,1,qpso warm,finished,70.5463,70.1872,0.5116,0.27
B,16,1209,1,route search 3 s,finished,70.1872,70.1872,0.0,3.02
B,16,1210,1,qpso cold,raw,71.3951,65.2779,9.3711,0.25
B,16,1210,1,qpso cold,finished,65.2779,65.2779,0.0,0.25
B,16,1210,1,pso cold,raw,79.6606,65.2779,22.033,0.21
B,16,1210,1,pso cold,finished,65.2779,65.2779,0.0,0.21
B,16,1210,1,ga cold,raw,71.0933,65.2779,8.9087,1.51
B,16,1210,1,ga cold,finished,65.2779,65.2779,0.0,1.51
B,16,1210,1,qpso warm,raw,65.2779,65.2779,0.0,0.24
B,16,1210,1,qpso warm,finished,65.2779,65.2779,0.0,0.24
B,16,1210,1,route search 3 s,finished,65.2779,65.2779,0.0,3.05
B,16,1211,1,qpso cold,raw,84.0021,70.5282,19.1042,0.26
B,16,1211,1,qpso cold,finished,70.5282,70.5282,0.0,0.26
B,16,1211,1,pso cold,raw,106.1699,70.5282,50.5354,0.24
B,16,1211,1,pso cold,finished,74.2937,70.5282,5.3389,0.24
B,16,1211,1,ga cold,raw,75.2747,70.5282,6.7299,2.93
B,16,1211,1,ga cold,finished,75.2747,70.5282,6.7299,2.93
B,16,1211,1,qpso warm,raw,72.0459,70.5282,2.1518,1.96
B,16,1211,1,qpso warm,finished,72.0459,70.5282,2.1518,1.96
B,16,1211,1,route search 3 s,finished,70.5282,70.5282,0.0,3.0
B,16,1212,1,qpso cold,raw,84.9379,84.9379,0.0,0.28
B,16,1212,1,qpso cold,finished,84.9379,84.9379,0.0,0.28
B,16,1212,1,pso cold,raw,101.7248,84.9379,19.7638,0.23
B,16,1212,1,pso cold,finished,87.0258,84.9379,2.4582,0.23
B,16,1212,1,ga cold,raw,92.5291,84.9379,8.9374,1.52
B,16,1212,1,ga cold,finished,91.2565,84.9379,7.4392,1.52
B,16,1212,1,qpso warm,raw,85.2974,84.9379,0.4233,0.26
B,16,1212,1,qpso warm,finished,85.2974,84.9379,0.4233,0.26
B,16,1212,1,route search 3 s,finished,84.9379,84.9379,0.0,2.61
B,16,1213,1,qpso cold,raw,88.6789,74.2906,19.3676,0.28
B,16,1213,1,qpso cold,finished,77.5546,74.2906,4.3935,0.28
B,16,1213,1,pso cold,raw,81.6591,74.2906,9.9184,0.26
B,16,1213,1,pso cold,finished,81.6591,74.2906,9.9184,0.26
B,16,1213,1,ga cold,raw,81.3445,74.2906,9.4949,1.43
B,16,1213,1,ga cold,finished,79.6639,74.2906,7.2328,1.43
B,16,1213,1,qpso warm,raw,74.2906,74.2906,0.0,0.31
B,16,1213,1,qpso warm,finished,74.2906,74.2906,0.0,0.31
B,16,1213,1,route search 3 s,finished,74.2906,74.2906,0.0,2.52
B,16,1214,1,qpso cold,raw,65.5563,60.2596,8.7898,0.27
B,16,1214,1,qpso cold,finished,65.5563,60.2596,8.7898,0.27
B,16,1214,1,pso cold,raw,78.9953,60.2596,31.0916,0.27
B,16,1214,1,pso cold,finished,66.0583,60.2596,9.6229,0.27
B,16,1214,1,ga cold,raw,70.8543,60.2596,17.5818,1.45
B,16,1214,1,ga cold,finished,70.8543,60.2596,17.5818,1.45
B,16,1214,1,qpso warm,raw,60.5386,60.2596,0.463,0.27
B,16,1214,1,qpso warm,finished,60.5386,60.2596,0.463,0.27
B,16,1214,1,route search 3 s,finished,60.2596,60.2596,0.0,2.65
B,16,1215,1,qpso cold,raw,89.9015,81.0839,10.8747,0.27
B,16,1215,1,qpso cold,finished,89.9015,81.0839,10.8747,0.27
B,16,1215,1,pso cold,raw,92.2303,81.0839,13.7467,0.23
B,16,1215,1,pso cold,finished,81.0839,81.0839,0.0,0.23
B,16,1215,1,ga cold,raw,98.4851,81.0839,21.4608,1.56
B,16,1215,1,ga cold,finished,98.4851,81.0839,21.4608,1.56
B,16,1215,1,qpso warm,raw,86.6552,81.0839,6.8711,0.28
B,16,1215,1,qpso warm,finished,86.6552,81.0839,6.8711,0.28
B,16,1215,1,route search 3 s,finished,81.0839,81.0839,0.0,2.49
B,16,1216,1,qpso cold,raw,93.7729,90.2731,3.8769,0.29
B,16,1216,1,qpso cold,finished,90.6743,90.2731,0.4445,0.29
B,16,1216,1,pso cold,raw,108.5036,90.2731,20.1948,0.22
B,16,1216,1,pso cold,finished,90.7497,90.2731,0.528,0.22
B,16,1216,1,ga cold,raw,97.3994,90.2731,7.8942,1.54
B,16,1216,1,ga cold,finished,90.7497,90.2731,0.528,1.54
B,16,1216,1,qpso warm,raw,90.6743,90.2731,0.4445,0.26
B,16,1216,1,qpso warm,finished,90.6743,90.2731,0.4445,0.26
B,16,1216,1,route search 3 s,finished,90.2731,90.2731,0.0,2.36
B,16,1217,1,qpso cold,raw,78.5358,71.6348,9.6336,0.26
B,16,1217,1,qpso cold,finished,78.5358,71.6348,9.6336,0.26
B,16,1217,1,pso cold,raw,106.4095,71.6348,48.5445,0.21
B,16,1217,1,pso cold,finished,74.0561,71.6348,3.3801,0.21
B,16,1217,1,ga cold,raw,92.9373,71.6348,29.7376,1.47
B,16,1217,1,ga cold,finished,71.6348,71.6348,0.0,1.47
B,16,1217,1,qpso warm,raw,71.9584,71.6348,0.4518,0.31
B,16,1217,1,qpso warm,finished,71.9584,71.6348,0.4518,0.31
B,16,1217,1,route search 3 s,finished,71.6348,71.6348,0.0,2.84
B,16,1218,1,qpso cold,raw,88.1571,87.4529,0.8052,0.25
B,16,1218,1,qpso cold,finished,87.4529,87.4529,0.0,0.25
B,16,1218,1,pso cold,raw,97.0695,87.4529,10.9963,0.24
B,16,1218,1,pso cold,finished,90.9626,87.4529,4.0132,0.24
B,16,1218,1,ga cold,raw,90.7057,87.4529,3.7194,1.58
B,16,1218,1,ga cold,finished,90.0015,87.4529,2.9143,1.58
B,16,1218,1,qpso warm,raw,100.7048,87.4529,15.1531,0.28
B,16,1218,1,qpso warm,finished,100.7048,87.4529,15.1531,0.28
B,16,1218,1,route search 3 s,finished,87.4529,87.4529,0.0,2.55
B,16,1219,1,qpso cold,raw,73.3591,56.7224,29.3302,0.3
B,16,1219,1,qpso cold,finished,56.7224,56.7224,0.0,0.3
B,16,1219,1,pso cold,raw,77.9173,56.7224,37.3661,0.27
B,16,1219,1,pso cold,finished,58.7899,56.7224,3.645,0.27
B,16,1219,1,ga cold,raw,65.2108,56.7224,14.9649,1.64
B,16,1219,1,ga cold,finished,65.2108,56.7224,14.9649,1.64
B,16,1219,1,qpso warm,raw,56.7224,56.7224,0.0,0.28
B,16,1219,1,qpso warm,finished,56.7224,56.7224,0.0,0.28
B,16,1219,1,route search 3 s,finished,56.7224,56.7224,0.0,2.73
B,16,1220,1,qpso cold,raw,73.7638,71.617,2.9976,0.27
B,16,1220,1,qpso cold,finished,73.7638,71.617,2.9976,0.27
B,16,1220,1,pso cold,raw,78.0761,71.617,9.0189,0.22
B,16,1220,1,pso cold,finished,75.4038,71.617,5.2876,0.22
B,16,1220,1,ga cold,raw,87.3491,71.617,21.9669,1.62
B,16,1220,1,ga cold,finished,73.7638,71.617,2.9976,1.62
B,16,1220,1,qpso warm,raw,71.617,71.617,0.0,0.3
B,16,1220,1,qpso warm,finished,71.617,71.617,0.0,0.3
B,16,1220,1,route search 3 s,finished,71.617,71.617,0.0,2.53
B,16,1221,1,qpso cold,raw,76.6764,74.9199,2.3445,0.28
B,16,1221,1,qpso cold,finished,76.6764,74.9199,2.3445,0.28
B,16,1221,1,pso cold,raw,100.6508,74.9199,34.3445,0.26
B,16,1221,1,pso cold,finished,74.9199,74.9199,0.0,0.26
B,16,1221,1,ga cold,raw,97.8253,74.9199,30.5732,1.62
B,16,1221,1,ga cold,finished,74.9199,74.9199,0.0,1.62
B,16,1221,1,qpso warm,raw,74.9199,74.9199,0.0,0.3
B,16,1221,1,qpso warm,finished,74.9199,74.9199,0.0,0.3
B,16,1221,1,route search 3 s,finished,74.9199,74.9199,0.0,2.59
B,16,1222,1,qpso cold,raw,90.671,85.4195,6.1479,0.33
B,16,1222,1,qpso cold,finished,85.4195,85.4195,0.0,0.33
B,16,1222,1,pso cold,raw,100.6886,85.4195,17.8754,0.24
B,16,1222,1,pso cold,finished,92.1885,85.4195,7.9244,0.24
B,16,1222,1,ga cold,raw,95.1665,85.4195,11.4108,1.59
B,16,1222,1,ga cold,finished,85.4263,85.4195,0.0079,1.59
B,16,1222,1,qpso warm,raw,86.549,85.4195,1.3223,0.29
B,16,1222,1,qpso warm,finished,86.549,85.4195,1.3223,0.29
B,16,1222,1,route search 3 s,finished,85.4195,85.4195,0.0,2.46
B,16,1223,1,qpso cold,raw,80.4931,69.1315,16.4346,0.29
B,16,1223,1,qpso cold,finished,80.4931,69.1315,16.4346,0.29
B,16,1223,1,pso cold,raw,101.8451,69.1315,47.3208,0.28
B,16,1223,1,pso cold,finished,81.4835,69.1315,17.8674,0.28
B,16,1223,1,ga cold,raw,90.658,69.1315,31.1385,1.68
B,16,1223,1,ga cold,finished,90.658,69.1315,31.1385,1.68
B,16,1223,1,qpso warm,raw,74.4526,69.1315,7.697,0.32
B,16,1223,1,qpso warm,finished,74.4526,69.1315,7.697,0.32
B,16,1223,1,route search 3 s,finished,69.1315,69.1315,0.0,2.87
B,16,1224,1,qpso cold,raw,87.6481,80.1816,9.3121,0.29
B,16,1224,1,qpso cold,finished,85.1144,80.1816,6.152,0.29
B,16,1224,1,pso cold,raw,104.0244,80.1816,29.736,0.23
B,16,1224,1,pso cold,finished,80.9819,80.1816,0.9982,0.23
B,16,1224,1,ga cold,raw,105.7688,80.1816,31.9115,1.49
B,16,1224,1,ga cold,finished,102.5597,80.1816,27.9093,1.49
B,16,1224,1,qpso warm,raw,80.9819,80.1816,0.9982,0.3
B,16,1224,1,qpso warm,finished,80.9819,80.1816,0.9982,0.3
B,16,1224,1,route search 3 s,finished,80.1816,80.1816,0.0,2.69
B,16,1225,1,qpso cold,raw,103.6499,92.1261,12.5087,0.27
B,16,1225,1,qpso cold,finished,101.4275,92.1261,10.0964,0.27
B,16,1225,1,pso cold,raw,99.9832,92.1261,8.5287,0.25
B,16,1225,1,pso cold,finished,99.9832,92.1261,8.5287,0.25
B,16,1225,1,ga cold,raw,94.9028,92.1261,3.014,1.53
B,16,1225,1,ga cold,finished,94.9028,92.1261,3.014,1.53
B,16,1225,1,qpso warm,raw,93.6069,92.1261,1.6073,0.33
B,16,1225,1,qpso warm,finished,93.6069,92.1261,1.6073,0.33
B,16,1225,1,route search 3 s,finished,92.1261,92.1261,0.0,2.83
B,16,1226,1,qpso cold,raw,115.2027,111.891,2.9597,0.29
B,16,1226,1,qpso cold,finished,115.2027,111.891,2.9597,0.29
B,16,1226,1,pso cold,raw,120.8435,111.891,8.0011,0.23
B,16,1226,1,pso cold,finished,112.598,111.891,0.6318,0.23
B,16,1226,1,ga cold,raw,112.0761,111.891,0.1655,1.46
B,16,1226,1,ga cold,finished,112.0761,111.891,0.1655,1.46
B,16,1226,1,qpso warm,raw,112.598,111.891,0.6318,0.28
B,16,1226,1,qpso warm,finished,112.598,111.891,0.6318,0.28
B,16,1226,1,route search 3 s,finished,111.891,111.891,0.0,2.46
B,16,1227,1,qpso cold,raw,76.1952,71.5285,6.5244,0.3
B,16,1227,1,qpso cold,finished,76.1952,71.5285,6.5244,0.3
B,16,1227,1,pso cold,raw,90.2186,71.5285,26.1297,0.25
B,16,1227,1,pso cold,finished,77.6543,71.5285,8.5641,0.25
B,16,1227,1,ga cold,raw,85.7062,71.5285,19.8211,1.41
B,16,1227,1,ga cold,finished,78.2911,71.5285,9.4545,1.41
B,16,1227,1,qpso warm,raw,73.5473,71.5285,2.8224,0.25
B,16,1227,1,qpso warm,finished,73.5473,71.5285,2.8224,0.25
B,16,1227,1,route search 3 s,finished,71.5285,71.5285,0.0,3.01
B,16,1228,1,qpso cold,raw,79.4626,79.4626,0.0,0.27
B,16,1228,1,qpso cold,finished,79.4626,79.4626,0.0,0.27
B,16,1228,1,pso cold,raw,100.2614,79.4626,26.1744,0.21
B,16,1228,1,pso cold,finished,93.301,79.4626,17.4151,0.21
B,16,1228,1,ga cold,raw,80.2447,79.4626,0.9842,1.42
B,16,1228,1,ga cold,finished,80.2447,79.4626,0.9842,1.42
B,16,1228,1,qpso warm,raw,79.4626,79.4626,0.0,0.25
B,16,1228,1,qpso warm,finished,79.4626,79.4626,0.0,0.25
B,16,1228,1,route search 3 s,finished,79.4626,79.4626,0.0,2.15
B,16,1229,1,qpso cold,raw,72.7994,62.0287,17.3639,0.28
B,16,1229,1,qpso cold,finished,72.7994,62.0287,17.3639,0.28
B,16,1229,1,pso cold,raw,77.2539,62.0287,24.5454,0.23
B,16,1229,1,pso cold,finished,62.0287,62.0287,0.0,0.23
B,16,1229,1,ga cold,raw,66.2507,62.0287,6.8065,1.33
B,16,1229,1,ga cold,finished,66.2507,62.0287,6.8065,1.33
B,16,1229,1,qpso warm,raw,62.0287,62.0287,0.0,0.24
B,16,1229,1,qpso warm,finished,62.0287,62.0287,0.0,0.24
B,16,1229,1,route search 3 s,finished,62.0287,62.0287,0.0,2.61
