pipeline,instance_seed,start_cost,start_seconds,after_local_search,seconds_per_ils_iteration,cost_after_100_ils_iterations,cost_after_200_ils_iterations,cost_after_300_ils_iterations,cost_after_400_ils_iterations,cost_after_500_ils_iterations,cost_after_600_ils_iterations,cost_after_700_ils_iterations,cost_after_800_ils_iterations,cost_after_900_ils_iterations,cost_after_1000_ils_iterations,cost_after_1100_ils_iterations,cost_after_1200_ils_iterations,cost_after_1300_ils_iterations,cost_after_1400_ils_iterations,cost_after_1500_ils_iterations,cost_after_1600_ils_iterations,nn_time_matched_extra_iterations
ga,500,4097.7417,1.04,3704.7324,0.0138,3416.9262,3401.0888,3388.3259,3384.8601,3360.5683,3360.5683,3359.6137,3359.6137,3357.4024,3356.8241,,,,,,,104
ga,501,2753.5296,1.10,2424.0782,0.0130,2340.0184,2338.6384,2334.7682,2334.7682,2334.7682,2334.7682,2334.7682,2334.7682,2334.7682,2334.7682,,,,,,,112
ga,502,3541.2534,1.16,3103.7538,0.0136,2864.9704,2837.8387,2827.7132,2822.0390,2822.0390,2822.0390,2822.0390,2822.0390,2822.0390,2822.0390,,,,,,,103
ga,503,3562.0108,1.18,2996.7323,0.0142,2883.8034,2883.2028,2861.4578,2861.4578,2851.6025,2851.6025,2848.1021,2848.1021,2848.1021,2848.1021,,,,,,,111
ga,504,2897.6246,1.14,2404.2688,0.0126,2302.1101,2299.4065,2299.4065,2299.4065,2299.4065,2298.5432,2298.3431,2298.3431,2298.3431,2298.3431,,,,,,,116
ga,505,3613.3085,1.09,3358.2073,0.0131,3124.2477,3116.3622,3116.3622,3116.3622,3116.3622,3116.3622,3116.3622,3116.3622,3116.3622,3116.3622,,,,,,,114
ga,506,2978.3110,1.12,2633.6692,0.0136,2512.4625,2510.5919,2510.5919,2510.5919,2506.9501,2506.9501,2501.9465,2498.0327,2498.0195,2498.0195,,,,,,,114
ga,507,3105.7532,1.08,2591.0543,0.0134,2421.8508,2412.7627,2380.6290,2361.0395,2347.0016,2345.2515,2345.2515,2345.2515,2345.2515,2345.2515,,,,,,,118
ga,508,3317.8706,1.11,2788.8965,0.0132,2689.1632,2669.7318,2640.3880,2633.6739,2632.5755,2632.5755,2632.5755,2632.5755,2607.7785,2605.2698,,,,,,,117
ga,509,3389.9489,1.12,3150.3096,0.0161,2969.4542,2942.1222,2942.1222,2942.1222,2942.1222,2942.1222,2942.1222,2942.1222,2942.1222,2936.5475,,,,,,,97
ga,510,2629.7069,1.10,2611.0697,0.0136,2344.9424,2328.1966,2313.7430,2313.7430,2313.6645,2313.6645,2313.6645,2313.6645,2303.8639,2300.4600,,,,,,,108
ga,511,3784.4466,1.15,3027.8065,0.0139,2914.1044,2905.1528,2905.1528,2905.1528,2905.1528,2905.1528,2905.1528,2905.1528,2905.1528,2905.1528,,,,,,,114
ga,512,3984.5981,1.04,3481.6932,0.0158,3311.7656,3311.7656,3303.8792,3303.8792,3303.8792,3303.8276,3303.8276,3303.8276,3303.8276,3303.8276,,,,,,,89
ga,513,4449.8604,1.20,3945.6451,0.0166,3665.7447,3648.6401,3648.2623,3648.2623,3647.5400,3647.5400,3647.5400,3641.4570,3624.7904,3624.7904,,,,,,,105
ga,514,2603.2417,1.42,2394.3180,0.0131,2156.3869,2145.1018,2128.8809,2128.8809,2128.8809,2128.8809,2128.8809,2128.8809,2128.8809,2128.8809,,,,,,,146
ga,515,3785.4800,1.35,3435.3116,0.0153,3389.5348,3388.9910,3388.9910,3387.6211,3387.6211,3387.6211,3387.6211,3387.6211,3387.6211,3387.6211,,,,,,,110
ga,516,4223.4756,1.23,3324.6147,0.0153,3228.1010,3190.3879,3180.5237,3180.1221,3180.0445,3180.0445,3180.0445,3180.0445,3180.0445,3180.0445,,,,,,,102
ga,517,4001.4954,1.03,3569.9417,0.0149,3372.2581,3372.2581,3343.3170,3343.3170,3343.3170,3339.9282,3339.9282,3339.9282,3335.1864,3335.1864,,,,,,,83
ga,518,3392.3875,1.08,3156.1833,0.0149,2996.2876,2996.2876,2996.2876,2996.2876,2996.2876,2996.2876,2996.2876,2996.2876,2996.2876,2996.2876,,,,,,,77
ga,519,3795.6763,1.05,3081.8649,0.0123,2925.2906,2925.2906,2922.9844,2921.7270,2917.9476,2906.0404,2906.0404,2906.0404,2906.0404,2906.0404,,,,,,,89
nn,500,4135.1100,0.00,3704.7324,0.0099,3416.9262,3401.0888,3388.3259,3384.8601,3360.5683,3360.5683,3359.6137,3359.6137,3357.4024,3356.8241,3356.8241,3356.8241,3350.0972,3349.0721,3349.0721,3349.0721,0
nn,501,2937.8972,0.00,2509.2927,0.0099,2349.2814,2346.0118,2346.0118,2346.0118,2346.0118,2346.0118,2346.0118,2346.0118,2346.0118,2346.0118,2346.0118,2346.0118,2346.0118,2346.0118,2346.0118,2344.6939,0
nn,502,3642.3890,0.00,3198.9502,0.0112,2807.3633,2805.5446,2805.5446,2805.5446,2796.8618,2796.8618,2796.8618,2796.8618,2796.8618,2796.8618,2796.8618,2796.8618,2796.8618,2796.8618,2796.8618,2796.8618,0
nn,503,3668.9029,0.00,2996.7323,0.0106,2883.8034,2883.2028,2861.4578,2861.4578,2851.6025,2851.6025,2848.1021,2848.1021,2848.1021,2848.1021,2848.1021,2846.4071,2846.4071,2846.4071,2846.4071,2846.4071,0
nn,504,3057.5752,0.00,2420.7719,0.0098,2331.9771,2282.7633,2273.6514,2273.6514,2273.6514,2273.6514,2273.6514,2261.1129,2261.1129,2261.1129,2261.1129,2261.1129,2261.1129,2261.1129,2261.1129,2261.1129,0
nn,505,3741.7787,0.00,3358.2073,0.0095,3124.2477,3116.3622,3116.3622,3116.3622,3116.3622,3116.3622,3116.3622,3116.3622,3116.3622,3116.3622,3116.3622,3116.3622,3116.3622,3116.3622,3116.3622,3116.3622,0
nn,506,3076.9023,0.00,2633.6692,0.0098,2512.4625,2510.5919,2510.5919,2510.5919,2506.9501,2506.9501,2501.9465,2498.0327,2498.0195,2498.0195,2476.1549,2476.1549,2476.1549,2476.1549,2476.1549,2476.1549,0
nn,507,3239.1084,0.00,2591.0543,0.0091,2421.8508,2412.7627,2380.6290,2361.0395,2347.0016,2345.2515,2345.2515,2345.2515,2345.2515,2345.2515,2345.2515,2341.5418,2341.5418,2341.5418,2341.5418,2341.5418,0
nn,508,3454.0919,0.00,2788.8965,0.0095,2689.1632,2669.7318,2640.3880,2633.6739,2632.5755,2632.5755,2632.5755,2632.5755,2607.7785,2605.2698,2605.2698,2605.2698,2605.2698,2592.2898,2592.2898,2592.2898,0
nn,509,3531.8859,0.00,3157.0956,0.0115,2978.5729,2948.8620,2948.8620,2948.8620,2948.8620,2948.8620,2940.8920,2940.8920,2940.8920,2940.8920,2940.8920,2931.7330,2931.7330,2931.7330,2931.7330,2931.7330,0
nn,510,2727.0700,0.00,2611.0697,0.0102,2344.9424,2328.1966,2313.7430,2313.7430,2313.6645,2313.6645,2313.6645,2313.6645,2303.8639,2300.4600,2300.4600,2300.4600,2300.4600,2300.4600,2300.4600,2300.4600,0
nn,511,3924.6255,0.00,3027.8065,0.0101,2914.1044,2905.1528,2905.1528,2905.1528,2905.1528,2905.1528,2905.1528,2905.1528,2905.1528,2905.1528,2905.1528,2905.1528,2905.1528,2905.1528,2905.1528,2905.1528,0
nn,512,4059.8527,0.00,3481.6932,0.0117,3311.7656,3311.7656,3303.8792,3303.8792,3303.8792,3303.8276,3303.8276,3303.8276,3303.8276,3303.8276,3303.8276,3303.8276,3303.8276,3303.8276,3303.8276,3303.8276,0
nn,513,4562.9489,0.00,3888.5883,0.0114,3682.8740,3662.3089,3662.3089,3662.3089,3657.2434,3657.2434,3657.2434,3657.2434,3657.2434,3657.2434,3657.2434,3648.2447,3648.2447,3648.2447,3648.2447,3648.2447,0
nn,514,2718.7613,0.00,2394.9268,0.0097,2167.6276,2156.8789,2156.8789,2156.8789,2156.8789,2156.8789,2126.8489,2126.8489,2126.8489,2126.8489,2126.8489,2126.8489,2126.8489,2126.8489,2126.8489,2126.8489,0
nn,515,3831.4371,0.00,3435.3116,0.0122,3389.5348,3388.9910,3388.9910,3387.6211,3387.6211,3387.6211,3387.6211,3387.6211,3387.6211,3387.6211,3387.6211,3387.6211,3387.6211,3387.6211,3387.6211,3387.6211,0
nn,516,4383.2101,0.00,3609.6688,0.0121,3283.0934,3279.1931,3263.7919,3254.1920,3247.4473,3196.8274,3196.8274,3181.1712,3181.1712,3181.1712,3181.1712,3181.1712,3181.1712,3181.1712,3181.1712,3181.1712,0
nn,517,4178.2444,0.00,3473.9382,0.0124,3392.4154,3373.0463,3367.9270,3363.2341,3363.2341,3363.2341,3361.6887,3356.7064,3356.7064,3356.7064,3356.7064,3356.7064,3356.7064,3356.7064,3356.7064,3356.7064,0
nn,518,3694.8886,0.00,3183.4711,0.0141,3011.6608,3003.1047,3003.1047,2999.2402,2997.9788,2994.4121,2986.7928,2986.7928,2982.7617,2982.7617,2982.7617,2982.7617,2975.4695,2975.4695,2975.4695,2975.4695,0
nn,519,4114.1203,0.00,3084.5026,0.0119,2953.2463,2943.9395,2941.6872,2911.0494,2911.0494,2911.0494,2911.0494,2907.7798,2900.7700,2900.7700,2900.7700,2899.5723,2899.5723,2899.5723,2899.5723,2899.5723,0
pso,500,3907.4953,2.41,3670.0909,0.0113,3445.8136,3412.6764,3412.6764,3407.9846,3406.4708,3406.4708,3401.4424,3401.4424,3394.8502,3394.8502,,,,,,,242
pso,501,2751.7710,2.38,2421.1878,0.0108,2339.8440,2339.8440,2338.6384,2335.1261,2334.7682,2328.7571,2328.7571,2328.7571,2328.7571,2328.7571,,,,,,,240
pso,502,3526.8477,2.41,3126.1697,0.0113,2844.9760,2844.9760,2844.9760,2844.7491,2811.5467,2811.5467,2811.5467,2811.5467,2811.5467,2811.5467,,,,,,,215
pso,503,3526.8038,2.46,3176.5306,0.0123,2878.4952,2840.3654,2826.1783,2826.1783,2817.6297,2817.6297,2817.6297,2817.6297,2817.6297,2817.6297,,,,,,,232
pso,504,2884.1529,2.56,2439.0420,0.0109,2334.2186,2308.3387,2283.2844,2261.1129,2261.1129,2261.1129,2261.1129,2261.1129,2261.1129,2261.1129,,,,,,,261
pso,505,3607.1851,2.54,3316.6383,0.0125,3152.0526,3133.8070,3108.1202,3108.1202,3108.1202,3107.9220,3107.9220,3107.9220,3107.9220,3107.9220,,,,,,,267
pso,506,2940.1673,2.54,2643.8103,0.0111,2477.4840,2477.4840,2477.4840,2477.3887,2477.3887,2477.3887,2477.3887,2477.3887,2477.3887,2477.3887,,,,,,,258
pso,507,3008.5979,2.58,2515.0637,0.0118,2364.2508,2364.2508,2360.5411,2360.5411,2360.5411,2360.5411,2356.2223,2356.2223,2356.2223,2356.2223,,,,,,,283
pso,508,3173.8351,2.53,2820.1375,0.0104,2699.4800,2616.9869,2615.8425,2615.8425,2615.8425,2615.8425,2610.6558,2610.6558,2610.6558,2596.8229,,,,,,,266
pso,509,3373.7983,2.58,3150.7752,0.0136,3002.4362,2972.1864,2965.7662,2958.3652,2958.3652,2952.5752,2952.5752,2952.5752,2949.2375,2949.2375,,,,,,,224
pso,510,2628.0113,2.49,2609.2755,0.0115,2355.6485,2340.7223,2300.4600,2299.5755,2293.3099,2290.8512,2288.4518,2288.4518,2288.4518,2288.4518,,,,,,,245
pso,511,3777.1246,2.58,3387.8415,0.0123,2958.3166,2948.4928,2948.4928,2943.9569,2940.8216,2930.7498,2930.7498,2930.7498,2930.7498,2930.7498,,,,,,,256
pso,512,3904.6071,2.60,3722.2065,0.0128,3379.2210,3373.3036,3359.2147,3339.6502,3339.6502,3339.6502,3334.6777,3334.6777,3334.6777,3334.6777,,,,,,,222
pso,513,4371.9156,2.75,3924.3197,0.0139,3659.8134,3657.9275,3657.0312,3654.3086,3652.6661,3652.6661,3652.6661,3652.6661,3647.9322,3647.9322,,,,,,,242
pso,514,2599.1554,2.66,2391.5013,0.0118,2175.2683,2156.0634,2156.0634,2156.0634,2133.1137,2133.1137,2133.1137,2133.1137,2133.1137,2133.1137,,,,,,,274
pso,515,3771.8048,2.59,3450.1673,0.0142,3409.4449,3407.9424,3384.7330,3382.1020,3371.6961,3371.6961,3371.6961,3371.6961,3371.6961,3371.6961,,,,,,,212
pso,516,4087.8250,2.68,3439.5013,0.0160,3202.3546,3198.6991,3195.6120,3195.6120,3195.6120,3195.6120,3195.6120,3195.6120,3195.6120,3195.6120,,,,,,,223
pso,517,3943.2203,2.77,3568.6640,0.0145,3422.9129,3362.7542,3362.7542,3362.7542,3362.7542,3362.7542,3362.7542,3362.7542,3362.7542,3362.7542,,,,,,,224
pso,518,3414.7913,2.60,3155.8389,0.0142,3014.3683,3014.3683,3014.3683,3014.3683,3014.3683,3014.3683,3014.3683,3001.2022,3001.2022,2999.5802,,,,,,,185
pso,519,3931.1580,2.74,2997.4869,0.0134,2932.8752,2912.2441,2912.2441,2912.2441,2908.8592,2908.8592,2908.8592,2906.3216,2906.3216,2906.3216,,,,,,,230
qpso,500,4061.6927,2.74,3597.2175,0.0134,3451.9588,3450.4966,3425.3124,3425.3124,3425.3124,3424.0857,3411.7596,3411.7596,3411.7596,3411.7596,,,,,,,275
qpso,501,2809.1833,2.74,2509.2927,0.0128,2349.2814,2346.0118,2346.0118,2346.0118,2346.0118,2346.0118,2346.0118,2346.0118,2346.0118,2346.0118,,,,,,,277
qpso,502,3553.9070,2.86,3198.9502,0.0141,2807.3633,2805.5446,2805.5446,2805.5446,2796.8618,2796.8618,2796.8618,2796.8618,2796.8618,2796.8618,,,,,,,256
qpso,503,3523.3288,2.87,3160.1128,0.0130,2892.5985,2878.9234,2856.4671,2856.4671,2856.4671,2846.0797,2826.4560,2826.4560,2824.7611,2824.7611,,,,,,,271
qpso,504,2938.5785,2.83,2420.7719,0.0128,2331.9771,2282.7633,2273.6514,2273.6514,2273.6514,2273.6514,2273.6514,2261.1129,2261.1129,2261.1129,,,,,,,288
qpso,505,3609.6963,2.76,3358.2073,0.0119,3124.2477,3116.3622,3116.3622,3116.3622,3116.3622,3116.3622,3116.3622,3116.3622,3116.3622,3116.3622,,,,,,,290
qpso,506,2954.2111,2.78,2633.6692,0.0126,2512.4625,2510.5919,2510.5919,2510.5919,2506.9501,2506.9501,2501.9465,2498.0327,2498.0195,2498.0195,,,,,,,283
qpso,507,3105.7532,2.87,2591.0543,0.0120,2421.8508,2412.7627,2380.6290,2361.0395,2347.0016,2345.2515,2345.2515,2345.2515,2345.2515,2345.2515,,,,,,,314
qpso,508,3186.0074,2.87,2798.4963,0.0111,2699.4800,2616.9869,2615.8425,2615.8425,2615.8425,2615.8425,2610.6558,2610.6558,2610.6558,2596.8229,,,,,,,302
qpso,509,3395.3219,2.91,3157.0956,0.0144,2978.5729,2948.8620,2948.8620,2948.8620,2948.8620,2948.8620,2940.8920,2940.8920,2940.8920,2940.8920,,,,,,,252
qpso,510,2629.7069,2.79,2611.0697,0.0124,2344.9424,2328.1966,2313.7430,2313.7430,2313.6645,2313.6645,2313.6645,2313.6645,2303.8639,2300.4600,,,,,,,274
qpso,511,3784.4466,2.91,3027.8065,0.0128,2914.1044,2905.1528,2905.1528,2905.1528,2905.1528,2905.1528,2905.1528,2905.1528,2905.1528,2905.1528,,,,,,,289
qpso,512,3984.5981,2.87,3481.6932,0.0147,3311.7656,3311.7656,3303.8792,3303.8792,3303.8792,3303.8276,3303.8276,3303.8276,3303.8276,3303.8276,,,,,,,245
qpso,513,4458.0414,2.81,3851.0693,0.0155,3662.8529,3662.2505,3661.1511,3661.1511,3652.9247,3652.9247,3652.2024,3631.2743,3629.4528,3629.4528,,,,,,,247
qpso,514,2609.4471,2.76,2394.9268,0.0122,2167.6276,2156.8789,2156.8789,2156.8789,2156.8789,2156.8789,2126.8489,2126.8489,2126.8489,2126.8489,,,,,,,285
qpso,515,3784.4041,2.86,3435.3116,0.0154,3389.5348,3388.9910,3388.9910,3387.6211,3387.6211,3387.6211,3387.6211,3387.6211,3387.6211,3387.6211,,,,,,,234
qpso,516,4111.8396,2.96,3418.7593,0.0158,3276.0073,3232.5541,3194.3130,3191.0952,3184.7254,3182.9519,3169.9861,3159.5270,3159.5270,3159.5270,,,,,,,246
qpso,517,3897.4750,2.86,3449.6037,0.0148,3393.2112,3376.7998,3366.5882,3366.5882,3363.2341,3363.2341,3356.7064,3356.7064,3356.7064,3356.7064,,,,,,,231
qpso,518,3383.3478,2.92,3145.3432,0.0161,2970.0469,2970.0469,2970.0469,2970.0469,2970.0469,2970.0469,2970.0469,2970.0469,2970.0469,2970.0469,,,,,,,208
qpso,519,3799.0379,3.02,3005.2384,0.0135,2947.1194,2935.0566,2926.2869,2926.2869,2926.2869,2926.2869,2924.0929,2924.0929,2924.0929,2924.0929,,,,,,,254
