stops,seed,algorithm,condition,driving_min,late_min,late_stops,wait_min,objective
15,900,qpso,aware,134.1293,0.0,0,66.6808,134.1293
15,900,qpso,ignoring,102.5816,98.7002,4,110.0958,1089.5833
15,900,pso,aware,126.3946,0.0,0,86.9907,126.3946
15,900,pso,ignoring,106.8367,71.1144,4,134.1664,817.9807
15,900,ga,aware,132.7308,0.0,0,68.278,132.7308
15,900,ga,ignoring,106.8367,142.3486,7,124.097,1530.3228
15,900,nearest_neighbor,aware,134.5553,87.0758,7,139.7011,1005.3131
15,900,nearest_neighbor,ignoring,106.8367,142.3486,7,124.097,1530.3228
15,901,qpso,aware,122.7541,0.0,0,52.1674,122.7541
15,901,qpso,ignoring,95.9277,117.0654,3,101.3273,1266.5816
15,901,pso,aware,139.8436,0.0,0,60.3663,139.8436
15,901,pso,ignoring,95.9277,117.0654,3,101.3273,1266.5816
15,901,ga,aware,113.5574,0.0,0,49.2798,113.5574
15,901,ga,ignoring,95.9277,117.0654,3,101.3273,1266.5816
15,901,nearest_neighbor,aware,99.3625,35.2189,1,61.8911,451.552
15,901,nearest_neighbor,ignoring,95.9277,117.0654,3,101.3273,1266.5816
15,902,qpso,aware,125.9272,0.0,0,26.7358,125.9272
15,902,qpso,ignoring,108.7751,269.1187,5,85.5233,2799.9616
15,902,pso,aware,146.8507,0.0,0,26.7086,146.8507
15,902,pso,ignoring,100.665,88.1473,3,86.6296,982.1377
15,902,ga,aware,147.3236,0.0,0,58.9607,147.3236
15,902,ga,ignoring,99.5046,225.141,7,98.1953,2350.9142
15,902,nearest_neighbor,aware,99.763,48.9916,5,95.7448,589.679
15,902,nearest_neighbor,ignoring,99.763,48.9916,5,95.7448,589.679
15,903,qpso,aware,154.2785,0.0,0,32.4295,154.2785
15,903,qpso,ignoring,101.1093,55.5947,3,93.6954,657.0563
15,903,pso,aware,147.5845,0.0,0,57.7762,147.5845
15,903,pso,ignoring,101.1093,55.5947,3,93.6954,657.0563
15,903,ga,aware,148.6123,0.0,0,54.0855,148.6123
15,903,ga,ignoring,101.1093,134.3381,4,98.6954,1444.4902
15,903,nearest_neighbor,aware,140.4408,111.8885,6,93.9327,1259.3253
15,903,nearest_neighbor,ignoring,110.6506,144.6261,5,101.0007,1556.9112
15,904,qpso,aware,137.9515,0.0,0,70.4381,137.9515
15,904,qpso,ignoring,113.4032,285.3397,5,93.1403,2966.8005
15,904,pso,aware,169.755,0.0,0,35.517,169.755
15,904,pso,ignoring,106.1613,254.2833,7,128.5995,2648.9947
15,904,ga,aware,134.5321,0.0,0,65.4292,134.5321
15,904,ga,ignoring,106.1613,254.2833,7,128.5995,2648.9947
15,904,nearest_neighbor,aware,135.6567,129.7041,5,114.0221,1432.6981
15,904,nearest_neighbor,ignoring,113.8561,185.0257,4,78.0254,1964.1132
15,905,qpso,aware,172.1634,0.0,0,22.9824,172.1634
15,905,qpso,ignoring,119.4858,206.9898,6,50.3304,2189.3837
15,905,pso,aware,193.7481,0.0,0,11.9899,193.7481
15,905,pso,ignoring,116.6058,328.2414,8,53.5971,3399.02
15,905,ga,aware,158.3375,0.0,0,31.3345,158.3375
15,905,ga,ignoring,123.3102,315.2414,9,82.042,3275.7239
15,905,nearest_neighbor,aware,167.2513,87.072,4,48.1064,1037.9716
15,905,nearest_neighbor,ignoring,116.6058,328.2414,8,53.5971,3399.02
15,906,qpso,aware,172.3396,0.0,0,50.7569,172.3396
15,906,qpso,ignoring,128.1381,376.8168,8,89.3025,3896.3062
15,906,pso,aware,192.1131,0.0,0,39.4791,192.1131
15,906,pso,ignoring,129.8497,224.4983,4,52.3937,2374.8331
15,906,ga,aware,140.2358,0.0,0,38.5116,140.2358
15,906,ga,ignoring,129.8497,224.4983,4,52.3937,2374.8331
15,906,nearest_neighbor,aware,183.1434,44.2396,2,29.9199,625.5397
15,906,nearest_neighbor,ignoring,128.4946,368.9373,7,83.5271,3817.8674
15,907,qpso,aware,166.2016,0.0,0,55.5892,166.2016
15,907,qpso,ignoring,142.434,13.8029,2,48.3095,280.4628
15,907,pso,aware,178.4271,0.0,0,42.1668,178.4271
15,907,pso,ignoring,142.6162,36.5443,3,63.9995,508.0596
15,907,ga,aware,177.8581,0.0,0,54.9263,177.8581
15,907,ga,ignoring,149.5236,39.4027,4,76.4475,543.551
15,907,nearest_neighbor,aware,198.9177,7.7845,2,59.5479,276.7626
15,907,nearest_neighbor,ignoring,151.1333,145.5502,5,75.7256,1606.6354
15,908,qpso,aware,153.1802,0.0,0,41.1296,153.1802
15,908,qpso,ignoring,105.3936,180.9568,6,67.7957,1914.9616
15,908,pso,aware,181.9082,0.0,0,0.0,181.9082
15,908,pso,ignoring,131.1728,202.6147,7,97.1016,2157.3203
15,908,ga,aware,151.7535,0.0,0,27.8842,151.7535
15,908,ga,ignoring,117.5269,193.1596,8,56.3279,2049.1232
15,908,nearest_neighbor,aware,138.0072,153.8614,4,77.3453,1676.6208
15,908,nearest_neighbor,ignoring,136.0759,227.6477,8,85.7275,2412.5528
15,909,qpso,aware,112.0671,0.0,0,44.6763,112.0671
15,909,qpso,ignoring,87.8145,98.1145,3,96.5454,1068.9595
15,909,pso,aware,135.8575,0.0,0,38.0868,135.8575
15,909,pso,ignoring,87.8145,98.1145,3,96.5454,1068.9595
15,909,ga,aware,111.7539,0.0,0,79.2308,111.7539
15,909,ga,ignoring,87.8145,98.1145,3,96.5454,1068.9595
15,909,nearest_neighbor,aware,133.9113,36.1746,3,47.1406,495.6571
15,909,nearest_neighbor,ignoring,88.4032,84.2946,2,85.7881,931.349
15,910,qpso,aware,134.7615,0.0,0,88.5239,134.7615
15,910,qpso,ignoring,99.2483,142.5255,4,140.2635,1524.5037
15,910,pso,aware,134.2905,0.0,0,110.5369,134.2905
15,910,pso,ignoring,110.2065,149.3071,4,132.4086,1603.2778
15,910,ga,aware,132.3445,0.0,0,93.6964,132.3445
15,910,ga,ignoring,110.2065,70.3258,3,122.5953,813.4644
15,910,nearest_neighbor,aware,133.0891,63.0482,2,124.2493,763.5715
15,910,nearest_neighbor,ignoring,100.4516,136.2575,4,140.2635,1463.0266
15,911,qpso,aware,125.6758,0.0,0,15.3636,125.6758
15,911,qpso,ignoring,103.7769,147.4735,4,61.7438,1578.5118
15,911,pso,aware,148.5286,0.0,0,35.4442,148.5286
15,911,pso,ignoring,95.0335,151.6024,6,67.0188,1611.0575
15,911,ga,aware,145.4463,3.275,2,25.3595,178.1961
15,911,ga,ignoring,104.5122,140.9201,3,56.2238,1513.7128
15,911,nearest_neighbor,aware,107.3642,139.9063,4,56.2238,1506.4269
15,911,nearest_neighbor,ignoring,104.5122,140.9201,3,56.2238,1513.7128
15,912,qpso,aware,123.2633,0.0,0,29.5481,123.2633
15,912,qpso,ignoring,85.9169,154.0602,8,63.1673,1626.519
15,912,pso,aware,125.9219,0.0,0,33.6985,125.9219
15,912,pso,ignoring,86.3881,111.2948,4,35.7663,1199.3361
15,912,ga,aware,119.3506,0.0,0,22.1957,119.3506
15,912,ga,ignoring,89.0127,42.4813,4,61.4971,513.8252
15,912,nearest_neighbor,aware,86.3881,111.2948,4,35.7663,1199.3361
15,912,nearest_neighbor,ignoring,86.3881,111.2948,4,35.7663,1199.3361
15,913,qpso,aware,148.0435,0.0,0,0.1943,148.0435
15,913,qpso,ignoring,99.3138,215.9353,7,79.5637,2258.6667
15,913,pso,aware,183.3122,0.0,0,0.0,183.3122
15,913,pso,ignoring,99.3138,215.9353,7,79.5637,2258.6667
15,913,ga,aware,137.7655,0.0,0,33.7858,137.7655
15,913,ga,ignoring,99.3138,215.9353,7,79.5637,2258.6667
15,913,nearest_neighbor,aware,141.627,171.3648,5,60.1494,1855.2754
15,913,nearest_neighbor,ignoring,99.3138,215.9353,7,79.5637,2258.6667
15,914,qpso,aware,135.9127,0.0,0,103.0342,135.9127
15,914,qpso,ignoring,125.4452,40.8072,3,85.9421,533.5174
15,914,pso,aware,170.6528,0.0,0,64.9989,170.6528
15,914,pso,ignoring,131.4346,101.6449,4,105.6766,1147.8833
15,914,ga,aware,148.5045,0.0,0,67.6829,148.5045
15,914,ga,ignoring,137.4881,86.9181,4,106.162,1006.6693
15,914,nearest_neighbor,aware,164.8377,55.6058,3,69.9418,720.8959
15,914,nearest_neighbor,ignoring,142.1768,125.7459,4,125.8224,1399.636
15,915,qpso,aware,115.5061,0.0,0,46.1571,115.5061
15,915,qpso,ignoring,96.8807,168.283,5,73.154,1779.7108
15,915,pso,aware,144.1183,0.0,0,8.9119,144.1183
15,915,pso,ignoring,96.8807,168.283,5,73.154,1779.7108
15,915,ga,aware,112.0308,0.0,0,31.2427,112.0308
15,915,ga,ignoring,96.8807,168.283,5,73.154,1779.7108
15,915,nearest_neighbor,aware,108.9608,69.3693,6,60.7348,802.6542
15,915,nearest_neighbor,ignoring,96.8807,168.283,5,73.154,1779.7108
15,916,qpso,aware,118.3172,0.0,0,76.7086,118.3172
15,916,qpso,ignoring,95.1067,16.0798,2,86.6889,255.9044
15,916,pso,aware,118.3172,0.0,0,79.6399,118.3172
15,916,pso,ignoring,95.8708,45.8515,4,91.1996,554.3862
15,916,ga,aware,121.5195,0.0,0,83.725,121.5195
15,916,ga,ignoring,99.9366,23.0875,2,89.723,330.8121
15,916,nearest_neighbor,aware,120.7314,17.1943,3,109.7794,292.6746
15,916,nearest_neighbor,ignoring,99.9366,23.0875,2,89.723,330.8121
15,917,qpso,aware,109.4513,0.0,0,58.5713,109.4513
15,917,qpso,ignoring,107.8709,226.2401,5,62.5113,2370.2721
15,917,pso,aware,168.947,15.1197,2,57.2688,320.144
15,917,pso,ignoring,107.8709,226.2401,5,62.5113,2370.2721
15,917,ga,aware,132.3882,0.0,0,57.5113,132.3882
15,917,ga,ignoring,107.8709,226.2401,5,62.5113,2370.2721
15,917,nearest_neighbor,aware,109.8141,79.6219,3,45.0542,906.0326
15,917,nearest_neighbor,ignoring,107.8709,226.2401,5,62.5113,2370.2721
15,918,qpso,aware,112.0648,0.0,0,73.1112,112.0648
15,918,qpso,ignoring,102.588,141.5677,9,106.9721,1518.265
15,918,pso,aware,128.5894,0.0,0,29.5457,128.5894
15,918,pso,ignoring,100.7704,175.6086,6,113.8723,1856.8565
15,918,ga,aware,124.3705,0.0,0,58.5408,124.3705
15,918,ga,ignoring,102.2566,161.3445,7,99.0706,1715.7017
15,918,nearest_neighbor,aware,124.4405,128.2757,4,74.0576,1407.1974
15,918,nearest_neighbor,ignoring,97.4478,271.8189,8,125.6982,2815.6364
15,919,qpso,aware,146.3369,0.0,0,29.9922,146.3369
15,919,qpso,ignoring,127.9639,31.8879,3,77.502,446.8432
15,919,pso,aware,159.3948,0.0,0,30.4933,159.3948
15,919,pso,ignoring,117.5411,93.5865,4,85.9323,1053.4062
15,919,ga,aware,138.7351,0.0,0,58.1814,138.7351
15,919,ga,ignoring,116.6464,68.3033,4,81.7736,799.6795
15,919,nearest_neighbor,aware,123.1489,49.5614,3,72.1554,618.7634
15,919,nearest_neighbor,ignoring,123.1489,49.5614,3,72.1554,618.7634
30,900,qpso,aware,323.2763,2.7047,1,54.6417,350.3228
30,900,qpso,ignoring,166.4768,295.5078,16,212.6541,3121.5549
30,900,pso,aware,328.4191,12.0443,4,97.1292,448.8624
30,900,pso,ignoring,159.8552,273.0451,14,207.7064,2890.3067
30,900,ga,aware,209.8061,0.0,0,132.3009,209.8061
30,900,ga,ignoring,159.3544,203.0415,9,187.0412,2189.7699
30,900,nearest_neighbor,aware,220.6169,269.0064,12,216.4873,2910.6807
30,900,nearest_neighbor,ignoring,190.7953,297.6756,10,187.3188,3167.5512
30,901,qpso,aware,249.1239,0.0,0,107.9663,249.1239
30,901,qpso,ignoring,159.244,143.1828,7,165.1452,1591.0722
30,901,pso,aware,300.6594,0.0,0,89.2034,300.6594
30,901,pso,ignoring,158.9067,139.105,8,167.1445,1549.9565
30,901,ga,aware,196.6439,0.0,0,67.5221,196.6439
30,901,ga,ignoring,158.9067,139.105,8,167.1445,1549.9565
30,901,nearest_neighbor,aware,158.9067,139.105,8,167.1445,1549.9565
30,901,nearest_neighbor,ignoring,158.9067,139.105,8,167.1445,1549.9565
30,902,qpso,aware,332.8365,25.4571,3,34.5193,587.4075
30,902,qpso,ignoring,171.6874,378.4087,14,200.5248,3955.7744
30,902,pso,aware,319.4496,3.375,3,11.7062,353.1991
30,902,pso,ignoring,165.191,348.0228,12,179.145,3645.4189
30,902,ga,aware,211.1024,0.0,0,59.5852,211.1024
30,902,ga,ignoring,174.684,439.3193,16,194.4917,4567.8773
30,902,nearest_neighbor,aware,171.2129,284.9669,12,169.4413,3020.8823
30,902,nearest_neighbor,ignoring,171.2129,284.9669,12,169.4413,3020.8823
30,903,qpso,aware,243.5436,0.0,0,97.145,243.5436
30,903,qpso,ignoring,174.1088,232.7176,7,159.9656,2501.2849
30,903,pso,aware,275.2036,0.0,0,85.4442,275.2036
30,903,pso,ignoring,180.7473,287.7675,10,171.2989,3058.4222
30,903,ga,aware,205.7598,0.0,0,114.9232,205.7598
30,903,ga,ignoring,173.4574,251.5125,8,166.7615,2688.5828
30,903,nearest_neighbor,aware,202.2759,140.7478,6,146.1711,1609.754
30,903,nearest_neighbor,ignoring,173.4574,251.5125,8,166.7615,2688.5828
30,904,qpso,aware,306.5955,13.8086,3,50.7977,444.6816
30,904,qpso,ignoring,173.4188,304.3802,10,194.4788,3217.221
30,904,pso,aware,323.4781,22.2872,3,31.7649,546.3505
30,904,pso,ignoring,173.4188,272.2118,9,189.4788,2895.5372
30,904,ga,aware,239.9994,0.0,0,77.3606,239.9994
30,904,ga,ignoring,168.2595,252.9995,10,173.7307,2698.2548
30,904,nearest_neighbor,aware,172.9336,387.4021,11,217.6915,4046.9549
30,904,nearest_neighbor,ignoring,172.9336,387.4021,11,217.6915,4046.9549
30,905,qpso,aware,333.5447,15.2356,2,30.2066,485.9006
30,905,qpso,ignoring,212.9748,373.1319,14,142.5821,3944.2938
30,905,pso,aware,357.929,1.4426,1,32.858,372.3555
30,905,pso,ignoring,212.6192,332.3379,10,116.0827,3535.9981
30,905,ga,aware,268.8216,0.0,0,94.0012,268.8216
30,905,ga,ignoring,213.9345,406.9404,15,147.5821,4283.3384
30,905,nearest_neighbor,aware,223.9638,283.2786,14,166.2596,3056.7502
30,905,nearest_neighbor,ignoring,213.9345,406.9404,15,147.5821,4283.3384
30,906,qpso,aware,320.0101,0.0,0,71.0808,320.0101
30,906,qpso,ignoring,194.6474,437.9808,14,187.1015,4574.4555
30,906,pso,aware,355.9498,69.8635,5,75.5087,1054.585
30,906,pso,ignoring,235.529,695.1106,13,188.9969,7186.635
30,906,ga,aware,282.0887,1.759,1,88.4941,299.6783
30,906,ga,ignoring,235.529,695.1106,13,188.9969,7186.635
30,906,nearest_neighbor,aware,258.8365,336.6691,12,205.2689,3625.5272
30,906,nearest_neighbor,ignoring,235.529,695.1106,13,188.9969,7186.635
30,907,qpso,aware,286.3329,0.0,0,78.6946,286.3329
30,907,qpso,ignoring,190.0595,209.9916,10,176.4308,2289.9753
30,907,pso,aware,311.4554,5.0583,1,103.1595,362.0387
30,907,pso,ignoring,196.0108,168.1994,7,160.4502,1878.0044
30,907,ga,aware,244.4556,0.0,0,112.2174,244.4556
30,907,ga,ignoring,214.0055,313.7882,10,176.7938,3351.8877
30,907,nearest_neighbor,aware,306.5889,220.1623,11,196.908,2508.2121
30,907,nearest_neighbor,ignoring,192.8275,265.2902,8,160.2507,2845.7298
30,908,qpso,aware,317.9564,4.0676,1,14.5663,358.6327
30,908,qpso,ignoring,186.776,468.9158,16,175.1785,4875.9344
30,908,pso,aware,285.9874,0.6432,1,47.633,292.4198
30,908,pso,ignoring,188.6744,456.5227,16,189.1713,4753.9011
30,908,ga,aware,229.1514,0.0,0,51.8361,229.1514
30,908,ga,ignoring,185.0205,403.0628,13,159.5524,4215.6488
30,908,nearest_neighbor,aware,233.4263,299.6781,13,185.535,3230.2069
30,908,nearest_neighbor,ignoring,189.324,498.9026,19,201.8179,5178.3498
30,909,qpso,aware,265.5225,0.0,0,37.2282,265.5225
30,909,qpso,ignoring,151.7226,213.5414,13,158.779,2287.1362
30,909,pso,aware,321.2761,0.0,0,46.8448,321.2761
30,909,pso,ignoring,151.7126,197.3433,12,147.8004,2125.1458
30,909,ga,aware,223.4573,0.0,0,47.069,223.4573
30,909,ga,ignoring,152.7266,316.5228,15,171.0538,3317.9544
30,909,nearest_neighbor,aware,162.4321,243.5618,13,153.7982,2598.0504
30,909,nearest_neighbor,ignoring,152.8255,314.2021,15,171.0538,3294.8467
30,910,qpso,aware,264.113,0.0,0,119.5595,264.113
30,910,qpso,ignoring,163.8604,313.0935,13,240.7305,3294.7954
30,910,pso,aware,260.668,0.1156,1,110.1377,261.8242
30,910,pso,ignoring,186.8728,198.2754,6,199.0109,2169.6265
30,910,ga,aware,200.0004,0.0,0,136.4051,200.0004
30,910,ga,ignoring,175.6741,537.2808,12,253.7754,5548.4818
30,910,nearest_neighbor,aware,174.0061,215.6665,8,195.6122,2330.6712
30,910,nearest_neighbor,ignoring,174.0061,215.6665,8,195.6122,2330.6712
30,911,qpso,aware,212.9655,0.0,0,113.6848,212.9655
30,911,qpso,ignoring,154.5611,153.831,10,191.7356,1692.8711
30,911,pso,aware,276.4785,0.0,0,85.5133,276.4785
30,911,pso,ignoring,154.5611,145.6636,9,186.7356,1611.1975
30,911,ga,aware,206.2755,0.0,0,127.937,206.2755
30,911,ga,ignoring,159.8084,148.9134,13,183.5878,1648.9421
30,911,nearest_neighbor,aware,177.2243,52.1157,7,173.2386,698.3812
30,911,nearest_neighbor,ignoring,156.9303,237.157,13,201.4818,2528.5002
30,912,qpso,aware,271.1903,0.0,0,89.063,271.1903
30,912,qpso,ignoring,156.4887,174.5622,6,156.4976,1902.1108
30,912,pso,aware,277.2208,2.7167,1,74.922,304.3877
30,912,pso,ignoring,158.9092,244.4173,7,185.8517,2603.0817
30,912,ga,aware,222.7458,0.4621,1,97.1242,227.367
30,912,ga,ignoring,153.9273,256.0947,9,177.3422,2714.8746
30,912,nearest_neighbor,aware,155.9677,231.5904,9,177.4518,2471.872
30,912,nearest_neighbor,ignoring,155.9677,231.5904,9,177.4518,2471.872
30,913,qpso,aware,359.5045,7.5731,1,54.4905,435.2353
30,913,qpso,ignoring,218.5133,245.0695,10,188.9033,2669.2081
30,913,pso,aware,380.963,27.9311,3,109.7306,660.2738
30,913,pso,ignoring,218.5133,245.0695,10,188.9033,2669.2081
30,913,ga,aware,258.1383,0.0,0,99.1104,258.1383
30,913,ga,ignoring,218.2844,366.5643,10,194.5279,3883.9273
30,913,nearest_neighbor,aware,254.0766,275.9366,9,178.0198,3013.4428
30,913,nearest_neighbor,ignoring,220.6834,314.4608,11,189.1291,3365.2918
30,914,qpso,aware,354.9145,0.4053,1,120.9952,358.9673
30,914,qpso,ignoring,228.309,302.9251,12,214.4233,3257.5602
30,914,pso,aware,362.5168,21.6061,2,70.513,578.578
30,914,pso,ignoring,228.2407,291.594,11,209.4233,3144.1804
30,914,ga,aware,285.9007,0.0,0,136.6367,285.9007
30,914,ga,ignoring,226.1738,287.6611,11,214.4233,3102.7847
30,914,nearest_neighbor,aware,257.6085,181.9787,8,178.6912,2077.3953
30,914,nearest_neighbor,ignoring,228.309,302.9251,12,214.4233,3257.5602
30,915,qpso,aware,217.8288,0.0,0,127.6573,217.8288
30,915,qpso,ignoring,183.2911,296.6426,9,225.7372,3149.7176
30,915,pso,aware,237.6049,0.0,0,132.0736,237.6049
30,915,pso,ignoring,191.4392,223.2616,9,181.0954,2424.0554
30,915,ga,aware,219.7723,0.0,0,116.0321,219.7723
30,915,ga,ignoring,190.7791,113.3541,9,165.258,1324.3204
30,915,nearest_neighbor,aware,205.838,240.884,9,202.3676,2614.6783
30,915,nearest_neighbor,ignoring,205.838,240.884,9,202.3676,2614.6783
30,916,qpso,aware,321.6696,0.093,1,129.5672,322.5996
30,916,qpso,ignoring,178.4675,176.1788,8,182.3374,1940.2555
30,916,pso,aware,323.5847,1.1128,1,126.6388,334.7131
30,916,pso,ignoring,174.8581,251.8955,11,217.472,2693.8126
30,916,ga,aware,226.7906,0.0,0,134.6246,226.7906
30,916,ga,ignoring,188.9749,331.0422,13,200.6143,3499.3971
30,916,nearest_neighbor,aware,266.4892,206.2955,9,216.8836,2329.4439
30,916,nearest_neighbor,ignoring,166.7884,375.8402,12,208.2743,3925.1903
30,917,qpso,aware,261.178,0.0,0,39.0756,261.178
30,917,qpso,ignoring,174.139,236.3587,9,153.5945,2537.7258
30,917,pso,aware,285.5481,23.4314,4,34.1189,519.8622
30,917,pso,ignoring,186.6696,173.7947,7,140.6855,1924.6164
30,917,ga,aware,256.0059,0.0,0,65.2004,256.0059
30,917,ga,ignoring,189.5179,200.3539,9,152.4519,2193.0565
30,917,nearest_neighbor,aware,232.7229,160.3139,10,107.2689,1835.862
30,917,nearest_neighbor,ignoring,174.139,259.0712,9,152.1132,2764.851
30,918,qpso,aware,346.9875,0.0,0,82.6068,346.9875
30,918,qpso,ignoring,177.5282,233.872,12,197.3968,2516.2483
30,918,pso,aware,305.2417,0.0,0,85.2761,305.2417
30,918,pso,ignoring,183.8262,218.1367,10,179.4443,2365.1932
30,918,ga,aware,190.9832,0.0,0,160.9953,190.9832
30,918,ga,ignoring,180.8087,351.3976,10,176.6178,3694.7848
30,918,nearest_neighbor,aware,212.4235,235.7198,10,175.1019,2569.6213
30,918,nearest_neighbor,ignoring,180.8865,343.4318,11,178.4537,3615.2048
30,919,qpso,aware,335.4397,0.4424,1,22.1271,339.8639
30,919,qpso,ignoring,199.2631,325.7619,7,184.6863,3456.8821
30,919,pso,aware,332.3104,13.8798,3,30.9272,471.108
30,919,pso,ignoring,190.5211,517.0508,13,216.09,5361.0295
30,919,ga,aware,242.0539,0.0,0,77.9551,242.0539
30,919,ga,ignoring,210.2018,332.5798,10,189.9316,3535.9995
30,919,nearest_neighbor,aware,266.8302,422.9882,14,205.9546,4496.7121
30,919,nearest_neighbor,ignoring,231.2206,512.7407,14,188.4671,5358.6272
