solver,stops,seed,setting,time_min,distance_km,delay_min,overload
default,30,800,fastest,193.3442,102.1276,45.5309,0.0
default,30,800,shortest,245.9156,95.6149,103.9554,0.0
default,30,800,avoid jams,205.7038,110.7531,45.4423,0.0
default,30,800,balanced,189.041,99.9305,43.9603,0.0
default,30,801,fastest,163.7907,84.9578,41.0354,0.0
default,30,801,shortest,183.8898,77.2291,70.6698,0.0
default,30,801,avoid jams,169.0094,86.9571,42.7181,0.0
default,30,801,balanced,165.8555,85.2429,42.5431,0.0
default,30,802,fastest,148.3719,76.869,37.8955,0.0
default,30,802,shortest,163.7256,71.511,59.4381,0.0
default,30,802,avoid jams,162.7427,86.8486,37.7221,0.0
default,30,802,balanced,147.7913,76.8762,37.0718,0.0
default,30,803,fastest,224.828,108.9435,63.9383,0.0
default,30,803,shortest,283.8075,109.8797,120.0474,0.0
default,30,803,avoid jams,232.4765,114.8026,63.5612,0.0
default,30,803,balanced,234.7389,114.5217,65.599,0.0
default,30,804,fastest,152.4615,73.6452,44.8427,0.0
default,30,804,shortest,179.11,68.186,77.4756,0.0
default,30,804,avoid jams,153.3013,75.7772,42.6833,0.0
default,30,804,balanced,152.4615,73.6452,44.8427,0.0
default,30,805,fastest,215.8245,105.0233,60.6413,0.0
default,30,805,shortest,231.4115,90.5447,96.4071,0.0
default,30,805,avoid jams,215.8489,109.268,54.2348,0.0
default,30,805,balanced,215.9043,105.8917,59.5012,0.0
default,30,806,fastest,211.4922,106.134,56.2253,0.0
default,30,806,shortest,256.4459,107.1092,96.9145,0.0
default,30,806,avoid jams,211.7484,108.1371,53.9353,0.0
default,30,806,balanced,214.2906,108.3596,56.2345,0.0
default,30,807,fastest,189.8087,90.4163,56.6901,0.0
default,30,807,shortest,210.0977,82.6555,86.418,0.0
default,30,807,avoid jams,186.2438,94.4991,48.221,0.0
default,30,807,balanced,190.8089,92.8825,54.5684,0.0
default,30,808,fastest,190.3358,88.128,60.2349,0.0
default,30,808,shortest,184.6674,75.9516,71.988,0.0
default,30,808,avoid jams,183.2409,89.0344,51.3309,0.0
default,30,808,balanced,180.3414,84.0421,55.8847,0.0
default,30,809,fastest,188.325,93.3567,51.9311,0.0
default,30,809,shortest,203.7885,81.3957,83.5279,0.0
default,30,809,avoid jams,174.5273,87.4973,46.9213,0.0
default,30,809,balanced,201.2909,97.4369,58.771,0.0
default,30,810,fastest,177.122,88.1519,47.9674,0.0
default,30,810,shortest,216.9513,87.9558,86.2912,0.0
default,30,810,avoid jams,173.2226,90.5866,42.585,0.0
default,30,810,balanced,177.8212,86.8744,50.6706,0.0
default,30,811,fastest,322.0322,157.357,90.6877,0.0
default,30,811,shortest,384.2571,156.4677,150.8861,0.0
default,30,811,avoid jams,334.4249,167.2458,88.3227,0.0
default,30,811,balanced,325.1807,157.6634,92.384,0.0
default,30,812,fastest,192.6941,94.447,55.4277,0.0
default,30,812,shortest,198.3501,82.0459,76.9034,0.0
default,30,812,avoid jams,190.6193,94.8764,51.8384,0.0
default,30,812,balanced,178.5852,87.807,50.5995,0.0
default,30,813,fastest,230.3492,107.1044,72.03,0.0
default,30,813,shortest,254.4046,99.8522,104.9836,0.0
default,30,813,avoid jams,227.2486,111.6189,63.3134,0.0
default,30,813,balanced,224.3887,105.7466,68.0616,0.0
default,30,814,fastest,170.9203,82.9894,50.9187,0.0
default,30,814,shortest,193.5788,76.2003,82.2407,0.0
default,30,814,avoid jams,172.216,89.0407,45.2115,0.0
default,30,814,balanced,174.9138,85.1196,52.2715,0.0
default,30,815,fastest,213.8373,100.6899,66.5897,0.0
default,30,815,shortest,248.4913,95.7225,105.858,0.0
default,30,815,avoid jams,213.6473,103.4266,62.6244,0.0
default,30,815,balanced,213.2735,102.4033,63.5458,0.0
default,30,816,fastest,330.0137,154.1448,102.8518,0.0
default,30,816,shortest,350.3361,137.4316,146.5915,0.0
default,30,816,avoid jams,312.4122,151.0118,89.8356,0.0
default,30,816,balanced,309.5803,147.5104,91.7113,0.0
default,30,817,fastest,213.6953,105.5245,59.4944,0.0
default,30,817,shortest,217.1718,91.3613,81.7055,0.0
default,30,817,avoid jams,223.4429,113.204,58.7261,0.0
default,30,817,balanced,217.3789,108.8322,58.8406,0.0
default,30,818,fastest,146.5875,73.8477,38.5472,0.0
default,30,818,shortest,183.0176,75.2918,71.3596,0.0
default,30,818,avoid jams,167.385,87.2908,40.0651,0.0
default,30,818,balanced,146.5875,73.8477,38.5472,0.0
default,30,819,fastest,188.3447,90.7278,54.9037,0.0
default,30,819,shortest,214.8751,85.8928,86.7805,0.0
default,30,819,avoid jams,189.5667,94.0901,51.6206,0.0
default,30,819,balanced,189.6772,92.9327,53.3795,0.0
default,60,800,fastest,311.9086,161.1907,76.9073,0.0
default,60,800,shortest,379.5074,151.0339,156.3028,0.0
default,60,800,avoid jams,315.3101,169.1468,69.1588,0.0
default,60,800,balanced,335.5472,175.8944,80.6828,0.0
default,60,801,fastest,335.9912,161.9276,99.4964,0.0
default,60,801,shortest,374.7505,152.0516,151.5264,0.0
default,60,801,avoid jams,339.6111,172.0453,88.6862,0.0
default,60,801,balanced,337.2147,163.3744,98.421,0.0
default,60,802,fastest,278.4171,141.8091,70.2217,0.0
default,60,802,shortest,351.1348,138.7339,145.8163,0.0
default,60,802,avoid jams,283.4957,147.6393,67.7914,0.0
default,60,802,balanced,275.5661,138.1039,72.7091,0.0
default,60,803,fastest,391.3313,187.5207,115.5715,0.0
default,60,803,shortest,435.2366,173.112,177.8754,0.0
default,60,803,avoid jams,374.3376,181.3542,107.5,0.0
default,60,803,balanced,389.99,187.9397,113.1252,0.0
default,60,804,fastest,268.6416,133.5301,73.4736,0.0
default,60,804,shortest,306.303,125.4378,120.7506,0.0
default,60,804,avoid jams,269.404,138.7822,66.4375,0.0
default,60,804,balanced,269.6323,133.8402,74.169,0.0
default,60,805,fastest,299.3223,141.9292,90.7551,0.0
default,60,805,shortest,327.1017,130.7027,133.3335,0.0
default,60,805,avoid jams,324.6753,163.5125,85.5986,0.0
default,60,805,balanced,299.4104,142.9708,89.4551,0.0
default,60,806,fastest,410.7355,218.1323,103.0677,0.0
default,60,806,shortest,479.1344,197.3538,188.1788,0.0
default,60,806,avoid jams,405.5654,224.1681,90.8197,0.0
default,60,806,balanced,390.4745,207.0934,98.7097,0.0
default,60,807,fastest,298.1524,140.355,91.2697,0.0
default,60,807,shortest,346.4872,141.2046,136.6216,0.0
default,60,807,avoid jams,314.6505,153.6685,88.5642,0.0
default,60,807,balanced,317.6693,150.947,95.5129,0.0
default,60,808,fastest,306.861,149.6107,86.7998,0.0
default,60,808,shortest,352.787,144.2223,139.8948,0.0
default,60,808,avoid jams,294.2675,147.1231,78.4852,0.0
default,60,808,balanced,290.5861,143.0275,80.634,0.0
default,60,809,fastest,358.8195,169.7488,109.4518,0.0
default,60,809,shortest,383.1734,151.3946,158.427,0.0
default,60,809,avoid jams,356.6761,174.1662,100.5848,0.0
default,60,809,balanced,346.1732,162.1497,107.1626,0.0
default,60,810,fastest,251.2849,120.6696,73.5194,0.0
default,60,810,shortest,267.6897,105.4657,110.3919,0.0
default,60,810,avoid jams,239.211,121.5945,60.5995,0.0
default,60,810,balanced,235.8922,112.4096,70.1324,0.0
default,60,811,fastest,355.4737,181.0342,91.0963,0.0
default,60,811,shortest,390.7454,169.8409,141.0066,0.0
default,60,811,avoid jams,402.7224,208.0164,98.4585,0.0
default,60,811,balanced,362.6939,183.9011,94.2086,0.0
default,60,812,fastest,372.3277,189.2464,95.4056,0.0
default,60,812,shortest,439.216,180.1738,172.5869,0.0
default,60,812,avoid jams,387.6966,204.7011,88.301,0.0
default,60,812,balanced,376.3822,191.1156,96.6415,0.0
default,60,813,fastest,410.9009,204.9134,110.8164,0.0
default,60,813,shortest,499.8065,206.5371,192.7566,0.0
default,60,813,avoid jams,424.4925,217.9045,104.9071,0.0
default,60,813,balanced,441.4895,225.2697,112.1979,0.0
default,60,814,fastest,282.7655,145.4559,70.3629,0.0
default,60,814,shortest,304.9875,128.1244,114.6416,0.0
default,60,814,avoid jams,273.3625,144.0571,62.5011,0.0
default,60,814,balanced,272.412,140.9549,66.4898,0.0
default,60,815,fastest,363.8779,177.4892,104.4133,0.0
default,60,815,shortest,387.6709,156.9204,156.0202,0.0
default,60,815,avoid jams,373.0107,187.8769,97.8228,0.0
default,60,815,balanced,349.4056,169.5714,101.8572,0.0
default,60,816,fastest,425.6243,202.4492,132.3835,0.0
default,60,816,shortest,460.5954,176.2091,197.0019,0.0
default,60,816,avoid jams,401.7621,197.7755,114.7589,0.0
default,60,816,balanced,406.8482,194.9049,123.698,0.0
default,60,817,fastest,279.6373,145.8745,70.1171,0.0
default,60,817,shortest,319.2582,130.7441,126.4672,0.0
default,60,817,avoid jams,289.2956,153.4792,69.0001,0.0
default,60,817,balanced,275.8002,142.9247,70.0443,0.0
default,60,818,fastest,304.9476,149.6979,87.7442,0.0
default,60,818,shortest,365.3556,147.1866,147.8265,0.0
default,60,818,avoid jams,317.017,163.3302,80.552,0.0
default,60,818,balanced,303.7702,150.7168,85.7734,0.0
default,60,819,fastest,321.8462,165.4033,79.8992,0.0
default,60,819,shortest,399.802,159.1943,163.1239,0.0
default,60,819,avoid jams,340.9363,184.5702,72.6799,0.0
default,60,819,balanced,324.1992,166.1207,80.897,0.0
route search,30,800,fastest,185.4311,96.6447,45.7126,0.0
route search,30,800,shortest,230.5707,92.2569,93.4733,0.0
route search,30,800,avoid jams,187.4972,102.3879,39.6269,0.0
route search,30,800,balanced,185.597,97.9828,43.9355,0.0
route search,30,801,fastest,158.821,81.7942,40.7961,0.0
route search,30,801,shortest,192.3403,77.143,77.9865,0.0
route search,30,801,avoid jams,164.2036,87.6703,38.0955,0.0
route search,30,801,balanced,158.8315,81.9447,40.4275,0.0
route search,30,802,fastest,145.423,76.8269,35.8193,0.0
route search,30,802,shortest,170.3573,69.9776,67.4939,0.0
route search,30,802,avoid jams,147.2428,79.4283,34.2109,0.0
route search,30,802,balanced,146.7365,78.1244,35.6077,0.0
route search,30,803,fastest,219.8767,105.8679,63.7803,0.0
route search,30,803,shortest,259.1255,97.6699,113.1816,0.0
route search,30,803,avoid jams,219.5784,109.3019,59.1966,0.0
route search,30,803,balanced,218.6543,105.9961,62.196,0.0
route search,30,804,fastest,147.3742,69.3696,45.9394,0.0
route search,30,804,shortest,167.1313,65.1902,70.2838,0.0
route search,30,804,avoid jams,146.6897,74.2879,38.4056,0.0
route search,30,804,balanced,147.6148,70.764,44.0884,0.0
route search,30,805,fastest,189.8778,93.0654,53.0172,0.0
route search,30,805,shortest,211.3313,83.2395,87.4708,0.0
route search,30,805,avoid jams,190.1503,94.7993,50.7868,0.0
route search,30,805,balanced,189.9637,93.8887,51.7548,0.0
route search,30,806,fastest,202.7425,101.3068,53.6798,0.0
route search,30,806,shortest,221.5434,96.1834,79.1832,0.0
route search,30,806,avoid jams,199.4565,102.0464,49.7148,0.0
route search,30,806,balanced,212.5166,106.7999,55.9399,0.0
route search,30,807,fastest,163.896,79.2247,47.9954,0.0
route search,30,807,shortest,190.4055,76.5348,76.5656,0.0
route search,30,807,avoid jams,167.0976,85.1595,43.049,0.0
route search,30,807,balanced,163.9194,79.2165,47.9672,0.0
route search,30,808,fastest,159.4353,74.6634,50.1678,0.0
route search,30,808,shortest,171.5043,71.2006,66.1414,0.0
route search,30,808,avoid jams,159.267,76.7164,46.8423,0.0
route search,30,808,balanced,157.9361,74.4011,48.7896,0.0
route search,30,809,fastest,167.3532,80.5271,49.2839,0.0
route search,30,809,shortest,186.0184,76.1705,73.0887,0.0
route search,30,809,avoid jams,168.5798,84.4116,44.9682,0.0
route search,30,809,balanced,166.6717,79.6766,49.6032,0.0
route search,30,810,fastest,158.1948,78.576,43.4039,0.0
route search,30,810,shortest,173.2608,71.1734,67.4254,0.0
route search,30,810,avoid jams,159.0589,81.8745,40.458,0.0
route search,30,810,balanced,158.1948,78.576,43.4039,0.0
route search,30,811,fastest,305.7677,147.327,88.7673,0.0
route search,30,811,shortest,368.6382,142.4583,155.926,0.0
route search,30,811,avoid jams,308.1525,154.0257,81.5415,0.0
route search,30,811,balanced,305.7948,147.8244,87.5872,0.0
route search,30,812,fastest,175.6925,85.459,51.631,0.0
route search,30,812,shortest,198.3501,82.0459,76.9034,0.0
route search,30,812,avoid jams,176.8994,88.0487,48.0731,0.0
route search,30,812,balanced,175.9311,86.2058,49.7175,0.0
route search,30,813,fastest,218.3338,99.9705,70.4901,0.0
route search,30,813,shortest,236.5588,96.5562,93.156,0.0
route search,30,813,avoid jams,221.7371,107.8132,63.2998,0.0
route search,30,813,balanced,218.6286,102.4962,67.0181,0.0
route search,30,814,fastest,166.9306,78.7081,52.7805,0.0
route search,30,814,shortest,181.6837,74.3108,72.7418,0.0
route search,30,814,avoid jams,169.9178,87.6001,45.177,0.0
route search,30,814,balanced,167.0155,79.5427,51.6134,0.0
route search,30,815,fastest,199.8958,94.5852,61.826,0.0
route search,30,815,shortest,226.7042,87.6368,96.6832,0.0
route search,30,815,avoid jams,203.7966,100.7975,57.0767,0.0
route search,30,815,balanced,200.1168,94.7533,61.8734,0.0
route search,30,816,fastest,300.5459,141.7959,91.6987,0.0
route search,30,816,shortest,334.874,130.7669,140.3038,0.0
route search,30,816,avoid jams,301.6914,145.6164,87.2867,0.0
route search,30,816,balanced,300.6814,143.3261,89.0332,0.0
route search,30,817,fastest,190.7666,93.3952,54.362,0.0
route search,30,817,shortest,205.489,89.5768,72.9635,0.0
route search,30,817,avoid jams,192.3079,97.7858,49.5991,0.0
route search,30,817,balanced,190.9438,94.6455,52.6863,0.0
route search,30,818,fastest,144.1747,72.2431,38.587,0.0
route search,30,818,shortest,166.895,66.7897,67.5876,0.0
route search,30,818,avoid jams,146.0109,75.749,35.3265,0.0
route search,30,818,balanced,144.1866,72.6093,38.1566,0.0
route search,30,819,fastest,168.2542,81.263,48.7306,0.0
route search,30,819,shortest,189.4511,78.5077,72.3921,0.0
route search,30,819,avoid jams,168.1898,83.5951,45.1995,0.0
route search,30,819,balanced,168.2778,81.7119,48.0854,0.0
route search,60,800,fastest,285.5525,148.886,69.0156,0.0
route search,60,800,shortest,350.2426,138.1989,145.5704,0.0
route search,60,800,avoid jams,289.5303,155.5791,62.8705,0.0
route search,60,800,balanced,289.0226,150.0574,70.1149,0.0
route search,60,801,fastest,298.5871,142.5215,90.8044,0.0
route search,60,801,shortest,327.0044,133.0519,130.8754,0.0
route search,60,801,avoid jams,306.3085,155.582,79.9224,0.0
route search,60,801,balanced,302.2126,146.1784,88.592,0.0
route search,60,802,fastest,258.8861,131.1639,66.9069,0.0
route search,60,802,shortest,294.2205,120.2294,116.9888,0.0
route search,60,802,avoid jams,260.4309,136.2422,61.2841,0.0
route search,60,802,balanced,254.1259,127.083,67.5523,0.0
route search,60,803,fastest,353.4862,168.3223,106.2742,0.0
route search,60,803,shortest,411.3663,161.8043,170.7721,0.0
route search,60,803,avoid jams,357.174,172.6946,103.3872,0.0
route search,60,803,balanced,362.059,174.6825,104.9874,0.0
route search,60,804,fastest,234.9553,117.9445,62.4207,0.0
route search,60,804,shortest,272.0807,109.7721,109.2605,0.0
route search,60,804,avoid jams,240.9681,124.9798,58.7255,0.0
route search,60,804,balanced,232.2757,115.8185,62.7637,0.0
route search,60,805,fastest,277.4539,132.5886,82.6196,0.0
route search,60,805,shortest,312.3541,125.9031,125.1155,0.0
route search,60,805,avoid jams,281.3778,140.8776,75.1505,0.0
route search,60,805,balanced,280.2756,135.1165,82.0841,0.0
route search,60,806,fastest,349.0875,183.9838,89.8647,0.0
route search,60,806,shortest,439.2977,180.7077,174.1464,0.0
route search,60,806,avoid jams,357.4571,197.7331,80.5569,0.0
route search,60,806,balanced,350.2705,184.0689,90.9467,0.0
route search,60,807,fastest,277.8366,128.7489,87.7737,0.0
route search,60,807,shortest,308.5965,124.8321,123.4011,0.0
route search,60,807,avoid jams,281.3758,136.5622,80.4603,0.0
route search,60,807,balanced,281.3802,131.1846,88.2744,0.0
route search,60,808,fastest,284.04,140.5172,77.9595,0.0
route search,60,808,shortest,324.2393,131.1935,130.116,0.0
route search,60,808,avoid jams,283.6141,142.6355,74.5804,0.0
route search,60,808,balanced,284.15,141.3053,76.8768,0.0
route search,60,809,fastest,315.7433,148.1704,97.6616,0.0
route search,60,809,shortest,356.8811,141.8711,146.3948,0.0
route search,60,809,avoid jams,319.5134,157.6797,87.7776,0.0
route search,60,809,balanced,327.5853,156.1258,97.5862,0.0
route search,60,810,fastest,215.3493,100.9047,66.2427,0.0
route search,60,810,shortest,239.2961,92.9421,100.9188,0.0
route search,60,810,avoid jams,212.3967,107.0795,54.9959,0.0
route search,60,810,balanced,213.9746,102.8602,62.5206,0.0
route search,60,811,fastest,341.9678,174.0698,88.1055,0.0
route search,60,811,shortest,364.4551,157.7714,132.0666,0.0
route search,60,811,avoid jams,335.1525,174.5621,80.4121,0.0
route search,60,811,balanced,332.0317,170.4998,83.0025,0.0
route search,60,812,fastest,344.0359,174.2248,88.8237,0.0
route search,60,812,shortest,386.1592,158.9555,150.4402,0.0
route search,60,812,avoid jams,346.945,179.5044,83.7752,0.0
route search,60,812,balanced,346.8642,175.8918,89.2862,0.0
route search,60,813,fastest,395.3829,197.8898,105.0736,0.0
route search,60,813,shortest,448.5139,186.5529,171.7177,0.0
route search,60,813,avoid jams,392.3098,200.9246,98.38,0.0
route search,60,813,balanced,395.2318,197.5743,105.3865,0.0
route search,60,814,fastest,241.8228,123.1405,62.0156,0.0
route search,60,814,shortest,272.5005,117.0988,98.3257,0.0
route search,60,814,avoid jams,241.8687,127.7996,55.2598,0.0
route search,60,814,balanced,238.4528,122.2187,59.649,0.0
route search,60,815,fastest,336.2711,161.1586,100.591,0.0
route search,60,815,shortest,370.4539,151.2994,146.2985,0.0
route search,60,815,avoid jams,339.9247,166.7861,95.0743,0.0
route search,60,815,balanced,336.2012,161.2035,100.4395,0.0
route search,60,816,fastest,381.9109,181.72,118.4391,0.0
route search,60,816,shortest,424.2263,160.9102,183.5556,0.0
route search,60,816,avoid jams,385.5511,188.2313,112.3189,0.0
route search,60,816,balanced,385.2276,183.5299,119.056,0.0
route search,60,817,fastest,253.9382,133.9134,61.6788,0.0
route search,60,817,shortest,300.9283,125.1949,116.1922,0.0
route search,60,817,avoid jams,256.2037,136.9287,59.9021,0.0
route search,60,817,balanced,254.741,131.9025,65.0422,0.0
route search,60,818,fastest,285.5378,140.1929,81.4382,0.0
route search,60,818,shortest,348.6575,137.728,145.4951,0.0
route search,60,818,avoid jams,290.0074,149.1506,73.9508,0.0
route search,60,818,balanced,285.9176,143.6784,77.542,0.0
route search,60,819,fastest,303.3475,153.6481,78.8558,0.0
route search,60,819,shortest,368.3818,145.9751,151.2428,0.0
route search,60,819,avoid jams,310.955,168.5257,65.6353,0.0
route search,60,819,balanced,304.2169,156.0969,76.01,0.0
